STA 0+000.00,-0.947874,116.714848
STA 0+000.50,-0.947878,116.71485
STA 0+001.00,-0.947882,116.714851
STA 0+001.50,-0.947887,116.714853
STA 0+002.00,-0.947891,116.714854
STA 0+002.50,-0.947895,116.714856
STA 0+003.00,-0.947899,116.714857
STA 0+003.50,-0.947904,116.714859
STA 0+004.00,-0.947908,116.71486
STA 0+004.50,-0.947912,116.714862
STA 0+005.00,-0.947916,116.714863
STA 0+005.50,-0.947921,116.714865
STA 0+006.00,-0.947925,116.714866
STA 0+006.50,-0.947929,116.714868
STA 0+007.00,-0.947933,116.71487
STA 0+007.50,-0.947937,116.714871
STA 0+008.00,-0.947942,116.714873
STA 0+008.50,-0.947946,116.714874
STA 0+009.00,-0.94795,116.714876
STA 0+009.50,-0.947954,116.714878
STA 0+010.00,-0.947958,116.714879
STA 0+010.50,-0.947963,116.714881
STA 0+011.00,-0.947967,116.714882
STA 0+011.50,-0.947971,116.714884
STA 0+012.00,-0.947975,116.714885
STA 0+012.50,-0.947979,116.714887
STA 0+013.00,-0.947984,116.714889
STA 0+013.50,-0.947988,116.71489
STA 0+014.00,-0.947992,116.714892
STA 0+014.50,-0.947996,116.714893
STA 0+015.00,-0.948001,116.714895
STA 0+015.50,-0.948005,116.714896
STA 0+016.00,-0.948009,116.714898
STA 0+016.50,-0.948013,116.7149
STA 0+017.00,-0.948017,116.714901
STA 0+017.50,-0.948022,116.714903
STA 0+018.00,-0.948026,116.714904
STA 0+018.50,-0.94803,116.714906
STA 0+019.00,-0.948034,116.714908
STA 0+019.50,-0.948038,116.714909
STA 0+020.00,-0.948043,116.714911
STA 0+020.50,-0.948047,116.714912
STA 0+021.00,-0.948051,116.714914
STA 0+021.50,-0.948055,116.714916
STA 0+022.00,-0.948059,116.714917
STA 0+022.50,-0.948064,116.714919
STA 0+023.00,-0.948068,116.71492
STA 0+023.50,-0.948072,116.714922
STA 0+024.00,-0.948076,116.714924
STA 0+024.50,-0.94808,116.714925
STA 0+025.00,-0.948085,116.714927
STA 0+025.50,-0.948089,116.714928
STA 0+026.00,-0.948093,116.71493
STA 0+026.50,-0.948097,116.714932
STA 0+027.00,-0.948101,116.714933
STA 0+027.50,-0.948106,116.714935
STA 0+028.00,-0.94811,116.714936
STA 0+028.50,-0.948114,116.714938
STA 0+029.00,-0.948118,116.71494
STA 0+029.50,-0.948122,116.714941
STA 0+030.00,-0.948127,116.714943
STA 0+030.50,-0.948131,116.714944
STA 0+031.00,-0.948135,116.714946
STA 0+031.50,-0.948139,116.714947
STA 0+032.00,-0.948144,116.714949
STA 0+032.50,-0.948148,116.71495
STA 0+033.00,-0.948152,116.714952
STA 0+033.50,-0.948156,116.714953
STA 0+034.00,-0.94816,116.714955
STA 0+034.50,-0.948165,116.714956
STA 0+035.00,-0.948169,116.714958
STA 0+035.50,-0.948173,116.71496
STA 0+036.00,-0.948177,116.714961
STA 0+036.50,-0.948182,116.714963
STA 0+037.00,-0.948186,116.714964
STA 0+037.50,-0.94819,116.714966
STA 0+038.00,-0.948194,116.714968
STA 0+038.50,-0.948198,116.714969
STA 0+039.00,-0.948203,116.714971
STA 0+039.50,-0.948207,116.714972
STA 0+040.00,-0.948211,116.714974
STA 0+040.50,-0.948215,116.714976
STA 0+041.00,-0.948219,116.714977
STA 0+041.50,-0.948224,116.714979
STA 0+042.00,-0.948228,116.71498
STA 0+042.50,-0.948232,116.714982
STA 0+043.00,-0.948236,116.714984
STA 0+043.50,-0.94824,116.714985
STA 0+044.00,-0.948245,116.714987
STA 0+044.50,-0.948249,116.714988
STA 0+045.00,-0.948253,116.71499
STA 0+045.50,-0.948257,116.714992
STA 0+046.00,-0.948261,116.714993
STA 0+046.50,-0.948266,116.714995
STA 0+047.00,-0.94827,116.714996
STA 0+047.50,-0.948274,116.714998
STA 0+048.00,-0.948278,116.715
STA 0+048.50,-0.948282,116.715001
STA 0+049.00,-0.948287,116.715003
STA 0+049.50,-0.948291,116.715004
STA 0+050.00,-0.948295,116.715006
STA 0+050.50,-0.948299,116.715008
STA 0+051.00,-0.948303,116.715009
STA 0+051.50,-0.948308,116.715011
STA 0+052.00,-0.948312,116.715012
STA 0+052.50,-0.948316,116.715014
STA 0+053.00,-0.94832,116.715016
STA 0+053.50,-0.948324,116.715017
STA 0+054.00,-0.948329,116.715019
STA 0+054.50,-0.948333,116.71502
STA 0+055.00,-0.948337,116.715022
STA 0+055.50,-0.948341,116.715024
STA 0+056.00,-0.948345,116.715025
STA 0+056.50,-0.94835,116.715027
STA 0+057.00,-0.948354,116.715028
STA 0+057.50,-0.948358,116.71503
STA 0+058.00,-0.948362,116.715031
STA 0+058.50,-0.948367,116.715033
STA 0+059.00,-0.948371,116.715034
STA 0+059.50,-0.948375,116.715036
STA 0+060.00,-0.948379,116.715037
STA 0+060.50,-0.948384,116.715039
STA 0+061.00,-0.948388,116.71504
STA 0+061.50,-0.948392,116.715042
STA 0+062.00,-0.948396,116.715044
STA 0+062.50,-0.9484,116.715045
STA 0+063.00,-0.948405,116.715047
STA 0+063.50,-0.948409,116.715048
STA 0+064.00,-0.948413,116.71505
STA 0+064.50,-0.948417,116.715052
STA 0+065.00,-0.948421,116.715053
STA 0+065.50,-0.948426,116.715055
STA 0+066.00,-0.94843,116.715056
STA 0+066.50,-0.948434,116.715058
STA 0+067.00,-0.948438,116.715059
STA 0+067.50,-0.948442,116.715061
STA 0+068.00,-0.948447,116.715063
STA 0+068.50,-0.948451,116.715064
STA 0+069.00,-0.948455,116.715066
STA 0+069.50,-0.948459,116.715067
STA 0+070.00,-0.948464,116.715069
STA 0+070.50,-0.948467,116.715071
STA 0+071.00,-0.948471,116.715073
STA 0+071.50,-0.948475,116.715076
STA 0+072.00,-0.948479,116.715078
STA 0+072.50,-0.948483,116.71508
STA 0+073.00,-0.948487,116.715083
STA 0+073.50,-0.94849,116.715085
STA 0+074.00,-0.948494,116.715087
STA 0+074.50,-0.948498,116.71509
STA 0+075.00,-0.948502,116.715092
STA 0+075.50,-0.948506,116.715094
STA 0+076.00,-0.94851,116.715097
STA 0+076.50,-0.948513,116.715099
STA 0+077.00,-0.948517,116.715102
STA 0+077.50,-0.948521,116.715104
STA 0+078.00,-0.948525,116.715106
STA 0+078.50,-0.948529,116.715109
STA 0+079.00,-0.948532,116.715111
STA 0+079.50,-0.948536,116.715114
STA 0+080.00,-0.94854,116.715116
STA 0+080.50,-0.948544,116.715119
STA 0+081.00,-0.948547,116.715121
STA 0+081.50,-0.948551,116.715124
STA 0+082.00,-0.948555,116.715126
STA 0+082.50,-0.948559,116.715129
STA 0+083.00,-0.948562,116.715131
STA 0+083.50,-0.948566,116.715134
STA 0+084.00,-0.94857,116.715136
STA 0+084.50,-0.948574,116.715139
STA 0+085.00,-0.948577,116.715141
STA 0+085.50,-0.948581,116.715144
STA 0+086.00,-0.948585,116.715146
STA 0+086.50,-0.948588,116.715149
STA 0+087.00,-0.948592,116.715152
STA 0+087.50,-0.948596,116.715154
STA 0+088.00,-0.948599,116.715157
STA 0+088.50,-0.948603,116.715159
STA 0+089.00,-0.948607,116.715162
STA 0+089.50,-0.94861,116.715164
STA 0+090.00,-0.948614,116.715167
STA 0+090.50,-0.948618,116.71517
STA 0+091.00,-0.948621,116.715172
STA 0+091.50,-0.948625,116.715175
STA 0+092.00,-0.948629,116.715177
STA 0+092.50,-0.948632,116.71518
STA 0+093.00,-0.948636,116.715183
STA 0+093.50,-0.94864,116.715185
STA 0+094.00,-0.948644,116.715188
STA 0+094.50,-0.948647,116.71519
STA 0+095.00,-0.948651,116.715193
STA 0+095.50,-0.948655,116.715196
STA 0+096.00,-0.948658,116.715198
STA 0+096.50,-0.948662,116.715201
STA 0+097.00,-0.948665,116.715203
STA 0+097.50,-0.948669,116.715206
STA 0+098.00,-0.948673,116.715209
STA 0+098.50,-0.948676,116.715211
STA 0+099.00,-0.94868,116.715214
STA 0+099.50,-0.948684,116.715217
STA 0+100.00,-0.948687,116.715219
STA 0+100.50,-0.948691,116.715222
STA 0+101.00,-0.948695,116.715225
STA 0+101.50,-0.948698,116.715227
STA 0+102.00,-0.948702,116.71523
STA 0+102.50,-0.948706,116.715233
STA 0+103.00,-0.948709,116.715235
STA 0+103.50,-0.948713,116.715238
STA 0+104.00,-0.948716,116.71524
STA 0+104.50,-0.94872,116.715243
STA 0+105.00,-0.948724,116.715246
STA 0+105.50,-0.948727,116.715248
STA 0+106.00,-0.948731,116.715251
STA 0+106.50,-0.948734,116.715254
STA 0+107.00,-0.948738,116.715257
STA 0+107.50,-0.948742,116.715259
STA 0+108.00,-0.948745,116.715262
STA 0+108.50,-0.948749,116.715265
STA 0+109.00,-0.948752,116.715267
STA 0+109.50,-0.948756,116.71527
STA 0+110.00,-0.94876,116.715273
STA 0+110.50,-0.948763,116.715275
STA 0+111.00,-0.948767,116.715278
STA 0+111.50,-0.948771,116.715281
STA 0+112.00,-0.948774,116.715283
STA 0+112.50,-0.948778,116.715286
STA 0+113.00,-0.948782,116.715289
STA 0+113.50,-0.948785,116.715291
STA 0+114.00,-0.948789,116.715294
STA 0+114.50,-0.948792,116.715296
STA 0+115.00,-0.948796,116.715299
STA 0+115.50,-0.9488,116.715302
STA 0+116.00,-0.948803,116.715304
STA 0+116.50,-0.948807,116.715307
STA 0+117.00,-0.94881,116.71531
STA 0+117.50,-0.948814,116.715313
STA 0+118.00,-0.948818,116.715315
STA 0+118.50,-0.948821,116.715318
STA 0+119.00,-0.948825,116.715321
STA 0+119.50,-0.948828,116.715323
STA 0+120.00,-0.948832,116.715326
STA 0+120.50,-0.948836,116.715329
STA 0+121.00,-0.948839,116.715332
STA 0+121.50,-0.948843,116.715334
STA 0+122.00,-0.948846,116.715337
STA 0+122.50,-0.94885,116.71534
STA 0+123.00,-0.948853,116.715343
STA 0+123.50,-0.948857,116.715345
STA 0+124.00,-0.94886,116.715348
STA 0+124.50,-0.948864,116.715351
STA 0+125.00,-0.948868,116.715354
STA 0+125.50,-0.948871,116.715357
STA 0+126.00,-0.948874,116.71536
STA 0+126.50,-0.948878,116.715363
STA 0+127.00,-0.948881,116.715366
STA 0+127.50,-0.948884,116.715369
STA 0+128.00,-0.948888,116.715372
STA 0+128.50,-0.948891,116.715375
STA 0+129.00,-0.948894,116.715378
STA 0+129.50,-0.948898,116.715381
STA 0+130.00,-0.948901,116.715384
STA 0+130.50,-0.948904,116.715387
STA 0+131.00,-0.948908,116.71539
STA 0+131.50,-0.948911,116.715393
STA 0+132.00,-0.948915,116.715396
STA 0+132.50,-0.948918,116.715398
STA 0+133.00,-0.948921,116.715401
STA 0+133.50,-0.948925,116.715404
STA 0+134.00,-0.948928,116.715407
STA 0+134.50,-0.948932,116.71541
STA 0+135.00,-0.948935,116.715413
STA 0+135.50,-0.948938,116.715416
STA 0+136.00,-0.948942,116.715419
STA 0+136.50,-0.948945,116.715422
STA 0+137.00,-0.948948,116.715425
STA 0+137.50,-0.948951,116.715428
STA 0+138.00,-0.948955,116.715432
STA 0+138.50,-0.948958,116.715435
STA 0+139.00,-0.948961,116.715438
STA 0+139.50,-0.948965,116.715441
STA 0+140.00,-0.948968,116.715444
STA 0+140.50,-0.948971,116.715447
STA 0+141.00,-0.948974,116.71545
STA 0+141.50,-0.948978,116.715453
STA 0+142.00,-0.948981,116.715456
STA 0+142.50,-0.948984,116.715459
STA 0+143.00,-0.948987,116.715463
STA 0+143.50,-0.94899,116.715466
STA 0+144.00,-0.948994,116.715469
STA 0+144.50,-0.948997,116.715472
STA 0+145.00,-0.949,116.715475
STA 0+145.50,-0.949003,116.715478
STA 0+146.00,-0.949007,116.715481
STA 0+146.50,-0.94901,116.715484
STA 0+147.00,-0.949013,116.715487
STA 0+147.50,-0.949017,116.715491
STA 0+148.00,-0.94902,116.715494
STA 0+148.50,-0.949023,116.715497
STA 0+149.00,-0.949026,116.7155
STA 0+149.50,-0.94903,116.715503
STA 0+150.00,-0.949033,116.715506
STA 0+150.50,-0.949036,116.715509
STA 0+151.00,-0.94904,116.715512
STA 0+151.50,-0.949043,116.715515
STA 0+152.00,-0.949046,116.715518
STA 0+152.50,-0.94905,116.715521
STA 0+153.00,-0.949053,116.715524
STA 0+153.50,-0.949056,116.715527
STA 0+154.00,-0.94906,116.71553
STA 0+154.50,-0.949063,116.715533
STA 0+155.00,-0.949066,116.715536
STA 0+155.50,-0.949069,116.715539
STA 0+156.00,-0.949073,116.715542
STA 0+156.50,-0.949076,116.715545
STA 0+157.00,-0.949079,116.715548
STA 0+157.50,-0.949083,116.715552
STA 0+158.00,-0.949086,116.715555
STA 0+158.50,-0.949089,116.715558
STA 0+159.00,-0.949092,116.715561
STA 0+159.50,-0.949096,116.715564
STA 0+160.00,-0.949099,116.715567
STA 0+160.50,-0.949102,116.71557
STA 0+161.00,-0.949105,116.715573
STA 0+161.50,-0.949109,116.715577
STA 0+162.00,-0.949112,116.71558
STA 0+162.50,-0.949115,116.715583
STA 0+163.00,-0.949118,116.715586
STA 0+163.50,-0.949121,116.715589
STA 0+164.00,-0.949124,116.715592
STA 0+164.50,-0.949128,116.715596
STA 0+165.00,-0.949131,116.715599
STA 0+165.50,-0.949134,116.715602
STA 0+166.00,-0.949137,116.715605
STA 0+166.50,-0.94914,116.715609
STA 0+167.00,-0.949143,116.715612
STA 0+167.50,-0.949146,116.715615
STA 0+168.00,-0.949149,116.715618
STA 0+168.50,-0.949152,116.715622
STA 0+169.00,-0.949155,116.715625
STA 0+169.50,-0.949158,116.715628
STA 0+170.00,-0.949162,116.715632
STA 0+170.50,-0.949165,116.715635
STA 0+171.00,-0.949168,116.715638
STA 0+171.50,-0.949171,116.715641
STA 0+172.00,-0.949174,116.715644
STA 0+172.50,-0.949177,116.715648
STA 0+173.00,-0.94918,116.715651
STA 0+173.50,-0.949183,116.715654
STA 0+174.00,-0.949187,116.715657
STA 0+174.50,-0.94919,116.715661
STA 0+175.00,-0.949193,116.715664
STA 0+175.50,-0.949196,116.715667
STA 0+176.00,-0.949199,116.71567
STA 0+176.50,-0.949202,116.715674
STA 0+177.00,-0.949205,116.715677
STA 0+177.50,-0.949208,116.71568
STA 0+178.00,-0.949212,116.715683
STA 0+178.50,-0.949215,116.715686
STA 0+179.00,-0.949218,116.71569
STA 0+179.50,-0.949221,116.715693
STA 0+180.00,-0.949224,116.715696
STA 0+180.50,-0.949227,116.715699
STA 0+181.00,-0.94923,116.715703
STA 0+181.50,-0.949233,116.715706
STA 0+182.00,-0.949236,116.715709
STA 0+182.50,-0.94924,116.715713
STA 0+183.00,-0.949243,116.715716
STA 0+183.50,-0.949246,116.715719
STA 0+184.00,-0.949249,116.715722
STA 0+184.50,-0.949252,116.715726
STA 0+185.00,-0.949255,116.715729
STA 0+185.50,-0.949258,116.715733
STA 0+186.00,-0.94926,116.715736
STA 0+186.50,-0.949259,116.715735
STA 0+187.00,-0.949256,116.715731
STA 0+187.50,-0.949252,116.715728
STA 0+188.00,-0.949249,116.715725
STA 0+188.50,-0.949246,116.715722
STA 0+189.00,-0.949243,116.715718
STA 0+189.50,-0.94924,116.715715
STA 0+190.00,-0.949237,116.715712
STA 0+190.50,-0.949234,116.715709
STA 0+191.00,-0.94923,116.715706
STA 0+191.50,-0.949227,116.715702
STA 0+192.00,-0.949224,116.715699
STA 0+192.50,-0.949221,116.715696
STA 0+193.00,-0.949218,116.715692
STA 0+193.50,-0.949215,116.715689
STA 0+194.00,-0.949212,116.715686
STA 0+194.50,-0.949209,116.715683
STA 0+195.00,-0.949206,116.715679
STA 0+195.50,-0.949203,116.715676
STA 0+196.00,-0.9492,116.715673
STA 0+196.50,-0.949197,116.715669
STA 0+197.00,-0.949194,116.715666
STA 0+197.50,-0.94919,116.715663
STA 0+198.00,-0.949187,116.71566
STA 0+198.50,-0.949184,116.715656
STA 0+199.00,-0.949181,116.715653
STA 0+199.50,-0.949178,116.71565
STA 0+200.00,-0.949175,116.715647
STA 0+200.50,-0.949172,116.715643
STA 0+201.00,-0.949169,116.71564
STA 0+201.50,-0.949167,116.715636
STA 0+202.00,-0.94917,116.715639
STA 0+202.50,-0.949173,116.715643
STA 0+203.00,-0.949176,116.715646
STA 0+203.50,-0.949179,116.715649
STA 0+204.00,-0.949182,116.715652
STA 0+204.50,-0.949185,116.715656
STA 0+205.00,-0.949189,116.715659
STA 0+205.50,-0.949192,116.715662
STA 0+206.00,-0.949195,116.715666
STA 0+206.50,-0.949198,116.715669
STA 0+207.00,-0.949201,116.715672
STA 0+207.50,-0.949204,116.715675
STA 0+208.00,-0.949207,116.715678
STA 0+208.50,-0.94921,116.715682
STA 0+209.00,-0.949213,116.715685
STA 0+209.50,-0.949217,116.715688
STA 0+210.00,-0.94922,116.715691
STA 0+210.50,-0.949223,116.715695
STA 0+211.00,-0.949226,116.715698
STA 0+211.50,-0.949229,116.715701
STA 0+212.00,-0.949232,116.715704
STA 0+212.50,-0.949235,116.715708
STA 0+213.00,-0.949238,116.715711
STA 0+213.50,-0.949242,116.715714
STA 0+214.00,-0.949245,116.715717
STA 0+214.50,-0.949248,116.71572
STA 0+215.00,-0.949251,116.715724
STA 0+215.50,-0.949254,116.715727
STA 0+216.00,-0.949257,116.71573
STA 0+216.50,-0.94926,116.715733
STA 0+217.00,-0.949264,116.715737
STA 0+217.50,-0.949267,116.71574
STA 0+218.00,-0.94927,116.715743
STA 0+218.50,-0.949273,116.715746
STA 0+219.00,-0.949276,116.71575
STA 0+219.50,-0.949279,116.715753
STA 0+220.00,-0.949282,116.715756
STA 0+220.50,-0.949285,116.715759
STA 0+221.00,-0.949289,116.715762
STA 0+221.50,-0.949292,116.715766
STA 0+222.00,-0.949295,116.715769
STA 0+222.50,-0.949298,116.715772
STA 0+223.00,-0.949301,116.715776
STA 0+223.50,-0.949304,116.715779
STA 0+224.00,-0.949307,116.715782
STA 0+224.50,-0.94931,116.715786
STA 0+225.00,-0.949313,116.715789
STA 0+225.50,-0.949316,116.715792
STA 0+226.00,-0.949319,116.715796
STA 0+226.50,-0.949322,116.715799
STA 0+227.00,-0.949325,116.715802
STA 0+227.50,-0.949328,116.715806
STA 0+228.00,-0.94933,116.715809
STA 0+228.50,-0.949333,116.715813
STA 0+229.00,-0.949336,116.715816
STA 0+229.50,-0.949339,116.71582
STA 0+230.00,-0.949342,116.715824
STA 0+230.50,-0.949344,116.715827
STA 0+231.00,-0.949347,116.715831
STA 0+231.50,-0.94935,116.715834
STA 0+232.00,-0.949353,116.715838
STA 0+232.50,-0.949355,116.715842
STA 0+233.00,-0.949357,116.715845
STA 0+233.50,-0.94936,116.715849
STA 0+234.00,-0.949362,116.715853
STA 0+234.50,-0.949365,116.715857
STA 0+235.00,-0.949367,116.71586
STA 0+235.50,-0.94937,116.715864
STA 0+236.00,-0.949372,116.715868
STA 0+236.50,-0.949375,116.715872
STA 0+237.00,-0.949377,116.715875
STA 0+237.50,-0.94938,116.715879
STA 0+238.00,-0.949382,116.715883
STA 0+238.50,-0.949385,116.715887
STA 0+239.00,-0.949387,116.71589
STA 0+239.50,-0.94939,116.715894
STA 0+240.00,-0.949392,116.715898
STA 0+240.50,-0.949395,116.715901
STA 0+241.00,-0.949397,116.715905
STA 0+241.50,-0.9494,116.715909
STA 0+242.00,-0.949403,116.715913
STA 0+242.50,-0.949405,116.715916
STA 0+243.00,-0.949408,116.71592
STA 0+243.50,-0.94941,116.715924
STA 0+244.00,-0.949413,116.715927
STA 0+244.50,-0.949415,116.715931
STA 0+245.00,-0.949418,116.715935
STA 0+245.50,-0.949421,116.715938
STA 0+246.00,-0.949423,116.715942
STA 0+246.50,-0.949426,116.715946
STA 0+247.00,-0.949429,116.715949
STA 0+247.50,-0.949432,116.715953
STA 0+248.00,-0.949435,116.715956
STA 0+248.50,-0.949437,116.715959
STA 0+249.00,-0.94944,116.715963
STA 0+249.50,-0.949443,116.715966
STA 0+250.00,-0.949446,116.71597
STA 0+250.50,-0.949449,116.715973
STA 0+251.00,-0.949452,116.715976
STA 0+251.50,-0.949455,116.71598
STA 0+252.00,-0.949458,116.715983
STA 0+252.50,-0.949461,116.715987
STA 0+253.00,-0.949464,116.71599
STA 0+253.50,-0.949467,116.715994
STA 0+254.00,-0.94947,116.715997
STA 0+254.50,-0.949472,116.716
STA 0+255.00,-0.949475,116.716004
STA 0+255.50,-0.949478,116.716007
STA 0+256.00,-0.949481,116.716011
STA 0+256.50,-0.949484,116.716014
STA 0+257.00,-0.949487,116.716017
STA 0+257.50,-0.949491,116.71602
STA 0+258.00,-0.949494,116.716023
STA 0+258.50,-0.949497,116.716026
STA 0+259.00,-0.949501,116.71603
STA 0+259.50,-0.949504,116.716033
STA 0+260.00,-0.949507,116.716036
STA 0+260.50,-0.94951,116.716039
STA 0+261.00,-0.949514,116.716042
STA 0+261.50,-0.949517,116.716045
STA 0+262.00,-0.94952,116.716048
STA 0+262.50,-0.949523,116.716051
STA 0+263.00,-0.949527,116.716054
STA 0+263.50,-0.94953,116.716057
STA 0+264.00,-0.949533,116.71606
STA 0+264.50,-0.949537,116.716063
STA 0+265.00,-0.94954,116.716066
STA 0+265.50,-0.949543,116.71607
STA 0+266.00,-0.949546,116.716073
STA 0+266.50,-0.94955,116.716076
STA 0+267.00,-0.949553,116.716079
STA 0+267.50,-0.949557,116.716081
STA 0+268.00,-0.94956,116.716084
STA 0+268.50,-0.949564,116.716087
STA 0+269.00,-0.949567,116.71609
STA 0+269.50,-0.949571,116.716093
STA 0+270.00,-0.949574,116.716095
STA 0+270.50,-0.949578,116.716098
STA 0+271.00,-0.949581,116.716101
STA 0+271.50,-0.949585,116.716104
STA 0+272.00,-0.949588,116.716107
STA 0+272.50,-0.949592,116.71611
STA 0+273.00,-0.949595,116.716112
STA 0+273.50,-0.949599,116.716115
STA 0+274.00,-0.949602,116.716118
STA 0+274.50,-0.949606,116.716121
STA 0+275.00,-0.949609,116.716124
STA 0+275.50,-0.949612,116.716127
STA 0+276.00,-0.949616,116.71613
STA 0+276.50,-0.949619,116.716133
STA 0+277.00,-0.949623,116.716135
STA 0+277.50,-0.949627,116.716138
STA 0+278.00,-0.94963,116.71614
STA 0+278.50,-0.949634,116.716143
STA 0+279.00,-0.949638,116.716145
STA 0+279.50,-0.949642,116.716148
STA 0+280.00,-0.949645,116.716151
STA 0+280.50,-0.949649,116.716153
STA 0+281.00,-0.949653,116.716156
STA 0+281.50,-0.949656,116.716158
STA 0+282.00,-0.94966,116.716161
STA 0+282.50,-0.949664,116.716163
STA 0+283.00,-0.949667,116.716166
STA 0+283.50,-0.949671,116.716169
STA 0+284.00,-0.949675,116.716171
STA 0+284.50,-0.949678,116.716174
STA 0+285.00,-0.949682,116.716176
STA 0+285.50,-0.949686,116.716179
STA 0+286.00,-0.949689,116.716181
STA 0+286.50,-0.949693,116.716184
STA 0+287.00,-0.949697,116.716186
STA 0+287.50,-0.949701,116.716188
STA 0+288.00,-0.949705,116.716191
STA 0+288.50,-0.949709,116.716193
STA 0+289.00,-0.949713,116.716195
STA 0+289.50,-0.949717,116.716197
STA 0+290.00,-0.949721,116.7162
STA 0+290.50,-0.949724,116.716202
STA 0+291.00,-0.949728,116.716204
STA 0+291.50,-0.949732,116.716206
STA 0+292.00,-0.949736,116.716208
STA 0+292.50,-0.94974,116.716211
STA 0+293.00,-0.949744,116.716213
STA 0+293.50,-0.949748,116.716215
STA 0+294.00,-0.949752,116.716218
STA 0+294.50,-0.949755,116.71622
STA 0+295.00,-0.949759,116.716222
STA 0+295.50,-0.949763,116.716224
STA 0+296.00,-0.949767,116.716227
STA 0+296.50,-0.949771,116.716229
STA 0+297.00,-0.949775,116.716231
STA 0+297.50,-0.949779,116.716233
STA 0+298.00,-0.949783,116.716235
STA 0+298.50,-0.949787,116.716237
STA 0+299.00,-0.949791,116.716239
STA 0+299.50,-0.949795,116.716241
STA 0+300.00,-0.949799,116.716243
STA 0+300.50,-0.949803,116.716245
STA 0+301.00,-0.949807,116.716247
STA 0+301.50,-0.949811,116.716249
STA 0+302.00,-0.949815,116.716251
STA 0+302.50,-0.949819,116.716253
STA 0+303.00,-0.949823,116.716255
STA 0+303.50,-0.949827,116.716257
STA 0+304.00,-0.949831,116.71626
STA 0+304.50,-0.949835,116.716262
STA 0+305.00,-0.949839,116.716264
STA 0+305.50,-0.949843,116.716266
STA 0+306.00,-0.949847,116.716268
STA 0+306.50,-0.949851,116.71627
STA 0+307.00,-0.949855,116.716272
STA 0+307.50,-0.949859,116.716273
STA 0+308.00,-0.949864,116.716275
STA 0+308.50,-0.949868,116.716276
STA 0+309.00,-0.949872,116.716278
STA 0+309.50,-0.949876,116.71628
STA 0+310.00,-0.94988,116.716281
STA 0+310.50,-0.949885,116.716283
STA 0+311.00,-0.949889,116.716284
STA 0+311.50,-0.949893,116.716286
STA 0+312.00,-0.949897,116.716288
STA 0+312.50,-0.949901,116.716289
STA 0+313.00,-0.949906,116.716291
STA 0+313.50,-0.94991,116.716292
STA 0+314.00,-0.949914,116.716294
STA 0+314.50,-0.949918,116.716296
STA 0+315.00,-0.949922,116.716297
STA 0+315.50,-0.949927,116.716299
STA 0+316.00,-0.949931,116.7163
STA 0+316.50,-0.949935,116.716302
STA 0+317.00,-0.949939,116.716303
STA 0+317.50,-0.949944,116.716305
STA 0+318.00,-0.949948,116.716306
STA 0+318.50,-0.949952,116.716307
STA 0+319.00,-0.949957,116.716309
STA 0+319.50,-0.949961,116.71631
STA 0+320.00,-0.949965,116.716311
STA 0+320.50,-0.94997,116.716312
STA 0+321.00,-0.949974,116.716314
STA 0+321.50,-0.949978,116.716315
STA 0+322.00,-0.949982,116.716316
STA 0+322.50,-0.949987,116.716317
STA 0+323.00,-0.949991,116.716319
STA 0+323.50,-0.949995,116.71632
STA 0+324.00,-0.95,116.716321
STA 0+324.50,-0.950004,116.716322
STA 0+325.00,-0.950008,116.716323
STA 0+325.50,-0.950013,116.716324
STA 0+326.00,-0.950017,116.716326
STA 0+326.50,-0.950021,116.716327
STA 0+327.00,-0.950026,116.716328
STA 0+327.50,-0.95003,116.716329
STA 0+328.00,-0.950035,116.71633
STA 0+328.50,-0.950039,116.71633
STA 0+329.00,-0.950044,116.716331
STA 0+329.50,-0.950048,116.716332
STA 0+330.00,-0.950052,116.716333
STA 0+330.50,-0.950057,116.716334
STA 0+331.00,-0.950061,116.716335
STA 0+331.50,-0.950066,116.716336
STA 0+332.00,-0.95007,116.716337
STA 0+332.50,-0.950074,116.716337
STA 0+333.00,-0.950079,116.716338
STA 0+333.50,-0.950083,116.716338
STA 0+334.00,-0.950088,116.716339
STA 0+334.50,-0.950092,116.71634
STA 0+335.00,-0.950097,116.71634
STA 0+335.50,-0.950101,116.716341
STA 0+336.00,-0.950106,116.716341
STA 0+336.50,-0.95011,116.716342
STA 0+337.00,-0.950115,116.716343
STA 0+337.50,-0.950119,116.716343
STA 0+338.00,-0.950123,116.716344
STA 0+338.50,-0.950128,116.716345
STA 0+339.00,-0.950132,116.716345
STA 0+339.50,-0.950137,116.716346
STA 0+340.00,-0.950141,116.716347
STA 0+340.50,-0.950146,116.716348
STA 0+341.00,-0.95015,116.716348
STA 0+341.50,-0.950155,116.716349
STA 0+342.00,-0.950159,116.716349
STA 0+342.50,-0.950163,116.71635
STA 0+343.00,-0.950168,116.71635
STA 0+343.50,-0.950172,116.716351
STA 0+344.00,-0.950177,116.716351
STA 0+344.50,-0.950181,116.716352
STA 0+345.00,-0.950186,116.716352
STA 0+345.50,-0.95019,116.716353
STA 0+346.00,-0.950195,116.716354
STA 0+346.50,-0.950199,116.716354
STA 0+347.00,-0.950204,116.716354
STA 0+347.50,-0.950208,116.716355
STA 0+348.00,-0.950213,116.716355
STA 0+348.50,-0.950217,116.716356
STA 0+349.00,-0.950222,116.716356
STA 0+349.50,-0.950226,116.716356
STA 0+350.00,-0.950231,116.716357
STA 0+350.50,-0.950235,116.716357
STA 0+351.00,-0.95024,116.716358
STA 0+351.50,-0.950244,116.716358
STA 0+352.00,-0.950248,116.716358
STA 0+352.50,-0.950253,116.716358
STA 0+353.00,-0.950257,116.716359
STA 0+353.50,-0.950262,116.716359
STA 0+354.00,-0.950266,116.716359
STA 0+354.50,-0.950271,116.716359
STA 0+355.00,-0.950275,116.716359
STA 0+355.50,-0.95028,116.71636
STA 0+356.00,-0.950284,116.71636
STA 0+356.50,-0.950289,116.71636
STA 0+357.00,-0.950293,116.71636
STA 0+357.50,-0.950298,116.71636
STA 0+358.00,-0.950302,116.71636
STA 0+358.50,-0.950307,116.71636
STA 0+359.00,-0.950311,116.71636
STA 0+359.50,-0.950316,116.71636
STA 0+360.00,-0.95032,116.71636
STA 0+360.50,-0.950325,116.71636
STA 0+361.00,-0.950329,116.71636
STA 0+361.50,-0.950334,116.71636
STA 0+362.00,-0.950338,116.71636
STA 0+362.50,-0.950343,116.716359
STA 0+363.00,-0.950347,116.716359
STA 0+363.50,-0.950352,116.716358
STA 0+364.00,-0.950356,116.716358
STA 0+364.50,-0.950361,116.716357
STA 0+365.00,-0.950365,116.716357
STA 0+365.50,-0.95037,116.716356
STA 0+366.00,-0.950374,116.716356
STA 0+366.50,-0.950379,116.716355
STA 0+367.00,-0.950383,116.716354
STA 0+367.50,-0.950387,116.716354
STA 0+368.00,-0.950392,116.716353
STA 0+368.50,-0.950396,116.716353
STA 0+369.00,-0.950401,116.716352
STA 0+369.50,-0.950405,116.716351
STA 0+370.00,-0.95041,116.716351
STA 0+370.50,-0.950414,116.71635
STA 0+371.00,-0.950419,116.71635
STA 0+371.50,-0.950423,116.716349
STA 0+372.00,-0.950428,116.716348
STA 0+372.50,-0.950432,116.716347
STA 0+373.00,-0.950436,116.716346
STA 0+373.50,-0.950441,116.716345
STA 0+374.00,-0.950445,116.716344
STA 0+374.50,-0.95045,116.716344
STA 0+375.00,-0.950454,116.716343
STA 0+375.50,-0.950458,116.716342
STA 0+376.00,-0.950463,116.716341
STA 0+376.50,-0.950467,116.71634
STA 0+377.00,-0.950472,116.716339
STA 0+377.50,-0.950476,116.716338
STA 0+378.00,-0.95048,116.716337
STA 0+378.50,-0.950485,116.716336
STA 0+379.00,-0.950489,116.716335
STA 0+379.50,-0.950493,116.716334
STA 0+380.00,-0.950498,116.716333
STA 0+380.50,-0.950502,116.716332
STA 0+381.00,-0.950507,116.716331
STA 0+381.50,-0.950511,116.71633
STA 0+382.00,-0.950515,116.716329
STA 0+382.50,-0.95052,116.716328
STA 0+383.00,-0.950524,116.716327
STA 0+383.50,-0.950528,116.716326
STA 0+384.00,-0.950533,116.716325
STA 0+384.50,-0.950537,116.716323
STA 0+385.00,-0.950542,116.716322
STA 0+385.50,-0.950546,116.716321
STA 0+386.00,-0.95055,116.71632
STA 0+386.50,-0.950555,116.716319
STA 0+387.00,-0.950559,116.716318
STA 0+387.50,-0.950563,116.716317
STA 0+388.00,-0.950568,116.716316
STA 0+388.50,-0.950572,116.716315
STA 0+389.00,-0.950577,116.716314
STA 0+389.50,-0.950581,116.716313
STA 0+390.00,-0.950585,116.716312
STA 0+390.50,-0.95059,116.716311
STA 0+391.00,-0.950594,116.71631
STA 0+391.50,-0.950598,116.716309
STA 0+392.00,-0.950603,116.716308
STA 0+392.50,-0.950607,116.716307
STA 0+393.00,-0.950612,116.716306
STA 0+393.50,-0.950616,116.716305
STA 0+394.00,-0.95062,116.716303
STA 0+394.50,-0.950625,116.716302
STA 0+395.00,-0.950629,116.716301
STA 0+395.50,-0.950633,116.7163
STA 0+396.00,-0.950638,116.716299
STA 0+396.50,-0.950642,116.716298
STA 0+397.00,-0.950646,116.716297
STA 0+397.50,-0.950651,116.716296
STA 0+398.00,-0.950655,116.716295
STA 0+398.50,-0.95066,116.716294
STA 0+399.00,-0.950664,116.716293
STA 0+399.50,-0.950668,116.716292
STA 0+400.00,-0.950673,116.716291
STA 0+400.50,-0.950677,116.71629
STA 0+401.00,-0.950682,116.716289
STA 0+401.50,-0.950686,116.716288
STA 0+402.00,-0.95069,116.716287
STA 0+402.50,-0.950695,116.716286
STA 0+403.00,-0.950699,116.716285
STA 0+403.50,-0.950703,116.716284
STA 0+404.00,-0.950708,116.716283
STA 0+404.50,-0.950712,116.716282
STA 0+405.00,-0.950717,116.716281
STA 0+405.50,-0.950721,116.71628
STA 0+406.00,-0.950725,116.716279
STA 0+406.50,-0.95073,116.716278
STA 0+407.00,-0.950734,116.716277
STA 0+407.50,-0.950739,116.716276
STA 0+408.00,-0.950743,116.716275
STA 0+408.50,-0.950747,116.716274
STA 0+409.00,-0.950752,116.716273
STA 0+409.50,-0.950756,116.716272
STA 0+410.00,-0.95076,116.716271
STA 0+410.50,-0.950765,116.71627
STA 0+411.00,-0.950769,116.716269
STA 0+411.50,-0.950774,116.716268
STA 0+412.00,-0.950778,116.716267
STA 0+412.50,-0.950782,116.716266
STA 0+413.00,-0.950787,116.716265
STA 0+413.50,-0.950791,116.716264
STA 0+414.00,-0.950796,116.716263
STA 0+414.50,-0.9508,116.716262
STA 0+415.00,-0.950804,116.716261
STA 0+415.50,-0.950809,116.71626
STA 0+416.00,-0.950813,116.716259
STA 0+416.50,-0.950817,116.716258
STA 0+417.00,-0.950822,116.716257
STA 0+417.50,-0.950826,116.716256
STA 0+418.00,-0.950831,116.716256
STA 0+418.50,-0.950835,116.716255
STA 0+419.00,-0.95084,116.716254
STA 0+419.50,-0.950844,116.716253
STA 0+420.00,-0.950848,116.716252
STA 0+420.50,-0.950853,116.716252
STA 0+421.00,-0.950857,116.716251
STA 0+421.50,-0.950862,116.71625
STA 0+422.00,-0.950866,116.716249
STA 0+422.50,-0.950871,116.716248
STA 0+423.00,-0.950875,116.716248
STA 0+423.50,-0.950879,116.716247
STA 0+424.00,-0.950884,116.716246
STA 0+424.50,-0.950888,116.716245
STA 0+425.00,-0.950893,116.716244
STA 0+425.50,-0.950897,116.716244
STA 0+426.00,-0.950901,116.716243
STA 0+426.50,-0.950906,116.716242
STA 0+427.00,-0.95091,116.716241
STA 0+427.50,-0.950915,116.71624
STA 0+428.00,-0.950919,116.716239
STA 0+428.50,-0.950924,116.716238
STA 0+429.00,-0.950928,116.716238
STA 0+429.50,-0.950932,116.716237
STA 0+430.00,-0.950937,116.716236
STA 0+430.50,-0.950941,116.716235
STA 0+431.00,-0.950946,116.716234
STA 0+431.50,-0.95095,116.716233
STA 0+432.00,-0.950954,116.716232
STA 0+432.50,-0.950959,116.716231
STA 0+433.00,-0.950963,116.716231
STA 0+433.50,-0.950968,116.71623
STA 0+434.00,-0.950972,116.716229
STA 0+434.50,-0.950977,116.716228
STA 0+435.00,-0.950981,116.716227
STA 0+435.50,-0.950985,116.716227
STA 0+436.00,-0.95099,116.716226
STA 0+436.50,-0.950994,116.716225
STA 0+437.00,-0.950999,116.716224
STA 0+437.50,-0.951003,116.716223
STA 0+438.00,-0.951007,116.716222
STA 0+438.50,-0.951012,116.716221
STA 0+439.00,-0.951016,116.71622
STA 0+439.50,-0.951021,116.71622
STA 0+440.00,-0.951025,116.716219
STA 0+440.50,-0.951029,116.716218
STA 0+441.00,-0.951034,116.716217
STA 0+441.50,-0.951038,116.716216
STA 0+442.00,-0.951043,116.716215
STA 0+442.50,-0.951047,116.716214
STA 0+443.00,-0.951051,116.716213
STA 0+443.50,-0.951056,116.716212
STA 0+444.00,-0.95106,116.716211
STA 0+444.50,-0.951065,116.716211
STA 0+445.00,-0.951069,116.71621
STA 0+445.50,-0.951074,116.716209
STA 0+446.00,-0.951078,116.716208
STA 0+446.50,-0.951082,116.716207
STA 0+447.00,-0.951087,116.716206
STA 0+447.50,-0.951091,116.716205
STA 0+448.00,-0.951095,116.716204
STA 0+448.50,-0.9511,116.716203
STA 0+449.00,-0.951104,116.716202
STA 0+449.50,-0.951109,116.716201
STA 0+450.00,-0.951113,116.7162
STA 0+450.50,-0.951117,116.716199
STA 0+451.00,-0.951122,116.716198
STA 0+451.50,-0.951126,116.716197
STA 0+452.00,-0.951131,116.716196
STA 0+452.50,-0.951135,116.716195
STA 0+453.00,-0.951139,116.716194
STA 0+453.50,-0.951144,116.716193
STA 0+454.00,-0.951148,116.716192
STA 0+454.50,-0.951153,116.716192
STA 0+455.00,-0.951157,116.716191
STA 0+455.50,-0.951161,116.71619
STA 0+456.00,-0.951166,116.716189
STA 0+456.50,-0.95117,116.716188
STA 0+457.00,-0.951175,116.716187
STA 0+457.50,-0.951179,116.716186
STA 0+458.00,-0.951183,116.716185
STA 0+458.50,-0.951188,116.716184
STA 0+459.00,-0.951192,116.716183
STA 0+459.50,-0.951197,116.716183
STA 0+460.00,-0.951201,116.716182
STA 0+460.50,-0.951205,116.716181
STA 0+461.00,-0.95121,116.71618
STA 0+461.50,-0.951214,116.716179
STA 0+462.00,-0.951219,116.716178
STA 0+462.50,-0.951223,116.716178
STA 0+463.00,-0.951228,116.716177
STA 0+463.50,-0.951232,116.716176
STA 0+464.00,-0.951237,116.716175
STA 0+464.50,-0.951241,116.716175
STA 0+465.00,-0.951245,116.716174
STA 0+465.50,-0.95125,116.716173
STA 0+466.00,-0.951254,116.716173
STA 0+466.50,-0.951259,116.716172
STA 0+467.00,-0.951263,116.716171
STA 0+467.50,-0.951268,116.716171
STA 0+468.00,-0.951272,116.71617
STA 0+468.50,-0.951277,116.71617
STA 0+469.00,-0.951281,116.716169
STA 0+469.50,-0.951285,116.716168
STA 0+470.00,-0.95129,116.716168
STA 0+470.50,-0.951294,116.716167
STA 0+471.00,-0.951299,116.716167
STA 0+471.50,-0.951303,116.716166
STA 0+472.00,-0.951308,116.716166
STA 0+472.50,-0.951312,116.716165
STA 0+473.00,-0.951317,116.716165
STA 0+473.50,-0.951321,116.716165
STA 0+474.00,-0.951326,116.716164
STA 0+474.50,-0.95133,116.716164
STA 0+475.00,-0.951335,116.716164
STA 0+475.50,-0.951339,116.716164
STA 0+476.00,-0.951344,116.716163
STA 0+476.50,-0.951348,116.716163
STA 0+477.00,-0.951353,116.716163
STA 0+477.50,-0.951357,116.716162
STA 0+478.00,-0.951362,116.716162
STA 0+478.50,-0.951366,116.716162
STA 0+479.00,-0.951371,116.716161
STA 0+479.50,-0.951375,116.716161
STA 0+480.00,-0.95138,116.716161
STA 0+480.50,-0.951384,116.716161
STA 0+481.00,-0.951389,116.71616
STA 0+481.50,-0.951393,116.71616
STA 0+482.00,-0.951397,116.71616
STA 0+482.50,-0.951402,116.71616
STA 0+483.00,-0.951406,116.716161
STA 0+483.50,-0.951411,116.716161
STA 0+484.00,-0.951415,116.716161
STA 0+484.50,-0.95142,116.716161
STA 0+485.00,-0.951424,116.716161
STA 0+485.50,-0.951429,116.716162
STA 0+486.00,-0.951433,116.716162
STA 0+486.50,-0.951438,116.716162
STA 0+487.00,-0.951442,116.716162
STA 0+487.50,-0.951447,116.716163
STA 0+488.00,-0.951451,116.716163
STA 0+488.50,-0.951456,116.716163
STA 0+489.00,-0.95146,116.716163
STA 0+489.50,-0.951465,116.716164
STA 0+490.00,-0.951469,116.716164
STA 0+490.50,-0.951474,116.716164
STA 0+491.00,-0.951478,116.716165
STA 0+491.50,-0.951483,116.716165
STA 0+492.00,-0.951487,116.716165
STA 0+492.50,-0.951492,116.716166
STA 0+493.00,-0.951496,116.716166
STA 0+493.50,-0.951501,116.716167
STA 0+494.00,-0.951505,116.716168
STA 0+494.50,-0.95151,116.716168
STA 0+495.00,-0.951514,116.716169
STA 0+495.50,-0.951519,116.716169
STA 0+496.00,-0.951523,116.71617
STA 0+496.50,-0.951527,116.71617
STA 0+497.00,-0.951532,116.716171
STA 0+497.50,-0.951536,116.716171
STA 0+498.00,-0.951541,116.716172
STA 0+498.50,-0.951545,116.716172
STA 0+499.00,-0.95155,116.716173
STA 0+499.50,-0.951554,116.716174
STA 0+500.00,-0.951559,116.716174
STA 0+500.50,-0.951563,116.716175
STA 0+501.00,-0.951568,116.716175
STA 0+501.50,-0.951572,116.716176
STA 0+502.00,-0.951576,116.716177
STA 0+502.50,-0.951581,116.716178
STA 0+503.00,-0.951585,116.716178
STA 0+503.50,-0.95159,116.716179
STA 0+504.00,-0.951594,116.71618
STA 0+504.50,-0.951599,116.716181
STA 0+505.00,-0.951603,116.716182
STA 0+505.50,-0.951607,116.716182
STA 0+506.00,-0.951612,116.716183
STA 0+506.50,-0.951616,116.716184
STA 0+507.00,-0.951621,116.716185
STA 0+507.50,-0.951625,116.716186
STA 0+508.00,-0.951629,116.716187
STA 0+508.50,-0.951634,116.716188
STA 0+509.00,-0.951638,116.716189
STA 0+509.50,-0.951643,116.71619
STA 0+510.00,-0.951647,116.716191
STA 0+510.50,-0.951651,116.716192
STA 0+511.00,-0.951656,116.716193
STA 0+511.50,-0.95166,116.716194
STA 0+512.00,-0.951664,116.716195
STA 0+512.50,-0.951669,116.716196
STA 0+513.00,-0.951673,116.716197
STA 0+513.50,-0.951678,116.716198
STA 0+514.00,-0.951682,116.716199
STA 0+514.50,-0.951686,116.716201
STA 0+515.00,-0.951691,116.716202
STA 0+515.50,-0.951695,116.716203
STA 0+516.00,-0.951699,116.716204
STA 0+516.50,-0.951704,116.716205
STA 0+517.00,-0.951708,116.716206
STA 0+517.50,-0.951712,116.716208
STA 0+518.00,-0.951717,116.716209
STA 0+518.50,-0.951721,116.71621
STA 0+519.00,-0.951725,116.716211
STA 0+519.50,-0.95173,116.716213
STA 0+520.00,-0.951734,116.716214
STA 0+520.50,-0.951738,116.716215
STA 0+521.00,-0.951742,116.716217
STA 0+521.50,-0.951747,116.716218
STA 0+522.00,-0.951751,116.716219
STA 0+522.50,-0.951755,116.716221
STA 0+523.00,-0.95176,116.716222
STA 0+523.50,-0.951764,116.716224
STA 0+524.00,-0.951768,116.716225
STA 0+524.50,-0.951772,116.716226
STA 0+525.00,-0.951777,116.716228
STA 0+525.50,-0.951781,116.716229
STA 0+526.00,-0.951785,116.716231
STA 0+526.50,-0.951789,116.716232
STA 0+527.00,-0.951794,116.716234
STA 0+527.50,-0.951798,116.716236
STA 0+528.00,-0.951802,116.716237
STA 0+528.50,-0.951806,116.716239
STA 0+529.00,-0.95181,116.716241
STA 0+529.50,-0.951814,116.716242
STA 0+530.00,-0.951819,116.716244
STA 0+530.50,-0.951823,116.716246
STA 0+531.00,-0.951827,116.716247
STA 0+531.50,-0.951831,116.716249
STA 0+532.00,-0.951835,116.716251
STA 0+532.50,-0.951839,116.716252
STA 0+533.00,-0.951844,116.716254
STA 0+533.50,-0.951848,116.716256
STA 0+534.00,-0.951852,116.716257
STA 0+534.50,-0.951856,116.716259
STA 0+535.00,-0.95186,116.716261
STA 0+535.50,-0.951864,116.716263
STA 0+536.00,-0.951869,116.716264
STA 0+536.50,-0.951873,116.716266
STA 0+537.00,-0.951877,116.716268
STA 0+537.50,-0.951881,116.71627
STA 0+538.00,-0.951885,116.716272
STA 0+538.50,-0.951889,116.716274
STA 0+539.00,-0.951893,116.716277
STA 0+539.50,-0.951897,116.716279
STA 0+540.00,-0.951901,116.716281
STA 0+540.50,-0.951904,116.716283
STA 0+541.00,-0.951908,116.716285
STA 0+541.50,-0.951912,116.716287
STA 0+542.00,-0.951916,116.71629
STA 0+542.50,-0.95192,116.716292
STA 0+543.00,-0.951924,116.716294
STA 0+543.50,-0.951928,116.716297
STA 0+544.00,-0.951932,116.716299
STA 0+544.50,-0.951935,116.716301
STA 0+545.00,-0.951939,116.716304
STA 0+545.50,-0.951943,116.716306
STA 0+546.00,-0.951947,116.716308
STA 0+546.50,-0.951951,116.716311
STA 0+547.00,-0.951954,116.716313
STA 0+547.50,-0.951958,116.716316
STA 0+548.00,-0.951962,116.716318
STA 0+548.50,-0.951966,116.716321
STA 0+549.00,-0.95197,116.716323
STA 0+549.50,-0.951973,116.716325
STA 0+550.00,-0.951977,116.716328
STA 0+550.50,-0.951981,116.71633
STA 0+551.00,-0.951985,116.716333
STA 0+551.50,-0.951988,116.716335
STA 0+552.00,-0.951992,116.716338
STA 0+552.50,-0.951996,116.716341
STA 0+553.00,-0.951999,116.716343
STA 0+553.50,-0.952003,116.716346
STA 0+554.00,-0.952006,116.716349
STA 0+554.50,-0.95201,116.716351
STA 0+555.00,-0.952014,116.716354
STA 0+555.50,-0.952017,116.716357
STA 0+556.00,-0.952021,116.71636
STA 0+556.50,-0.952024,116.716362
STA 0+557.00,-0.952028,116.716365
STA 0+557.50,-0.952031,116.716368
STA 0+558.00,-0.952035,116.716371
STA 0+558.50,-0.952039,116.716373
STA 0+559.00,-0.952042,116.716376
STA 0+559.50,-0.952046,116.716379
STA 0+560.00,-0.952049,116.716382
STA 0+560.50,-0.952053,116.716384
STA 0+561.00,-0.952056,116.716387
STA 0+561.50,-0.95206,116.71639
STA 0+562.00,-0.952063,116.716393
STA 0+562.50,-0.952067,116.716396
STA 0+563.00,-0.95207,116.716399
STA 0+563.50,-0.952074,116.716402
STA 0+564.00,-0.952077,116.716404
STA 0+564.50,-0.95208,116.716407
STA 0+565.00,-0.952084,116.71641
STA 0+565.50,-0.952087,116.716413
STA 0+566.00,-0.952091,116.716416
STA 0+566.50,-0.952094,116.716419
STA 0+567.00,-0.952097,116.716422
STA 0+567.50,-0.952101,116.716425
STA 0+568.00,-0.952104,116.716428
STA 0+568.50,-0.952108,116.716431
STA 0+569.00,-0.952111,116.716434
STA 0+569.50,-0.952114,116.716437
STA 0+570.00,-0.952118,116.71644
STA 0+570.50,-0.952121,116.716443
STA 0+571.00,-0.952124,116.716446
STA 0+571.50,-0.952128,116.716449
STA 0+572.00,-0.952131,116.716452
STA 0+572.50,-0.952134,116.716455
STA 0+573.00,-0.952138,116.716458
STA 0+573.50,-0.952141,116.716461
STA 0+574.00,-0.952144,116.716464
STA 0+574.50,-0.952147,116.716467
STA 0+575.00,-0.952151,116.71647
STA 0+575.50,-0.952154,116.716473
STA 0+576.00,-0.952157,116.716477
STA 0+576.50,-0.952161,116.71648
STA 0+577.00,-0.952164,116.716483
STA 0+577.50,-0.952167,116.716486
STA 0+578.00,-0.95217,116.716489
STA 0+578.50,-0.952173,116.716493
STA 0+579.00,-0.952176,116.716496
STA 0+579.50,-0.952179,116.716499
STA 0+580.00,-0.952182,116.716503
STA 0+580.50,-0.952185,116.716506
STA 0+581.00,-0.952188,116.716509
STA 0+581.50,-0.952191,116.716512
STA 0+582.00,-0.952194,116.716516
STA 0+582.50,-0.952198,116.716519
STA 0+583.00,-0.952201,116.716522
STA 0+583.50,-0.952204,116.716526
STA 0+584.00,-0.952207,116.716529
STA 0+584.50,-0.95221,116.716532
STA 0+585.00,-0.952213,116.716535
STA 0+585.50,-0.952216,116.716539
STA 0+586.00,-0.952219,116.716542
STA 0+586.50,-0.952222,116.716545
STA 0+587.00,-0.952225,116.716549
STA 0+587.50,-0.952228,116.716552
STA 0+588.00,-0.952231,116.716556
STA 0+588.50,-0.952233,116.716559
STA 0+589.00,-0.952236,116.716563
STA 0+589.50,-0.952239,116.716566
STA 0+590.00,-0.952242,116.71657
STA 0+590.50,-0.952245,116.716573
STA 0+591.00,-0.952247,116.716577
STA 0+591.50,-0.95225,116.71658
STA 0+592.00,-0.952253,116.716584
STA 0+592.50,-0.952256,116.716587
STA 0+593.00,-0.952259,116.716591
STA 0+593.50,-0.952261,116.716594
STA 0+594.00,-0.952264,116.716598
STA 0+594.50,-0.952267,116.716601
STA 0+595.00,-0.95227,116.716605
STA 0+595.50,-0.952273,116.716608
STA 0+596.00,-0.952276,116.716612
STA 0+596.50,-0.952278,116.716615
STA 0+597.00,-0.952281,116.716619
STA 0+597.50,-0.952284,116.716623
STA 0+598.00,-0.952286,116.716626
STA 0+598.50,-0.952289,116.71663
STA 0+599.00,-0.952292,116.716633
STA 0+599.50,-0.952295,116.716637
STA 0+600.00,-0.952297,116.716641
STA 0+600.50,-0.9523,116.716644
STA 0+601.00,-0.952303,116.716648
STA 0+601.50,-0.952305,116.716651
STA 0+602.00,-0.952308,116.716655
STA 0+602.50,-0.952311,116.716659
STA 0+603.00,-0.952313,116.716662
STA 0+603.50,-0.952316,116.716666
STA 0+604.00,-0.952319,116.716669
STA 0+604.50,-0.952321,116.716673
STA 0+605.00,-0.952324,116.716677
STA 0+605.50,-0.952327,116.71668
STA 0+606.00,-0.95233,116.716684
STA 0+606.50,-0.952332,116.716687
STA 0+607.00,-0.952335,116.716691
STA 0+607.50,-0.952337,116.716695
STA 0+608.00,-0.95234,116.716698
STA 0+608.50,-0.952343,116.716702
STA 0+609.00,-0.952345,116.716706
STA 0+609.50,-0.952348,116.716709
STA 0+610.00,-0.95235,116.716713
STA 0+610.50,-0.952353,116.716717
STA 0+611.00,-0.952356,116.716721
STA 0+611.50,-0.952358,116.716724
STA 0+612.00,-0.952361,116.716728
STA 0+612.50,-0.952363,116.716732
STA 0+613.00,-0.952366,116.716735
STA 0+613.50,-0.952368,116.716739
STA 0+614.00,-0.952371,116.716743
STA 0+614.50,-0.952373,116.716747
STA 0+615.00,-0.952376,116.71675
STA 0+615.50,-0.952378,116.716754
STA 0+616.00,-0.952381,116.716758
STA 0+616.50,-0.952383,116.716761
STA 0+617.00,-0.952386,116.716765
STA 0+617.50,-0.952388,116.716769
STA 0+618.00,-0.95239,116.716773
STA 0+618.50,-0.952393,116.716777
STA 0+619.00,-0.952395,116.71678
STA 0+619.50,-0.952398,116.716784
STA 0+620.00,-0.9524,116.716788
STA 0+620.50,-0.952402,116.716792
STA 0+621.00,-0.952405,116.716796
STA 0+621.50,-0.952407,116.716799
STA 0+622.00,-0.95241,116.716803
STA 0+622.50,-0.952412,116.716807
STA 0+623.00,-0.952415,116.716811
STA 0+623.50,-0.952417,116.716815
STA 0+624.00,-0.952419,116.716818
STA 0+624.50,-0.952422,116.716822
STA 0+625.00,-0.952424,116.716826
STA 0+625.50,-0.952427,116.71683
STA 0+626.00,-0.952429,116.716834
STA 0+626.50,-0.952431,116.716837
STA 0+627.00,-0.952434,116.716841
STA 0+627.50,-0.952436,116.716845
STA 0+628.00,-0.952439,116.716849
STA 0+628.50,-0.952441,116.716853
STA 0+629.00,-0.952443,116.716857
STA 0+629.50,-0.952446,116.71686
STA 0+630.00,-0.952448,116.716864
STA 0+630.50,-0.952451,116.716868
STA 0+631.00,-0.952453,116.716872
STA 0+631.50,-0.952455,116.716876
STA 0+632.00,-0.952458,116.716879
STA 0+632.50,-0.95246,116.716883
STA 0+633.00,-0.952462,116.716887
STA 0+633.50,-0.952464,116.716891
STA 0+634.00,-0.952467,116.716895
STA 0+634.50,-0.952469,116.716899
STA 0+635.00,-0.952471,116.716903
STA 0+635.50,-0.952474,116.716907
STA 0+636.00,-0.952476,116.71691
STA 0+636.50,-0.952478,116.716914
STA 0+637.00,-0.952481,116.716918
STA 0+637.50,-0.952483,116.716922
STA 0+638.00,-0.952485,116.716926
STA 0+638.50,-0.952488,116.716929
STA 0+639.00,-0.95249,116.716933
STA 0+639.50,-0.952493,116.716937
STA 0+640.00,-0.952495,116.716941
STA 0+640.50,-0.952497,116.716945
STA 0+641.00,-0.9525,116.716948
STA 0+641.50,-0.952502,116.716952
STA 0+642.00,-0.952504,116.716956
STA 0+642.50,-0.952507,116.71696
STA 0+643.00,-0.952509,116.716964
STA 0+643.50,-0.952511,116.716968
STA 0+644.00,-0.952514,116.716972
STA 0+644.50,-0.952516,116.716976
STA 0+645.00,-0.952518,116.716979
STA 0+645.50,-0.95252,116.716983
STA 0+646.00,-0.952523,116.716987
STA 0+646.50,-0.952525,116.716991
STA 0+647.00,-0.952527,116.716995
STA 0+647.50,-0.952529,116.716999
STA 0+648.00,-0.952532,116.717003
STA 0+648.50,-0.952534,116.717007
STA 0+649.00,-0.952536,116.717011
STA 0+649.50,-0.952538,116.717015
STA 0+650.00,-0.95254,116.717018
STA 0+650.50,-0.952543,116.717022
STA 0+651.00,-0.952545,116.717026
STA 0+651.50,-0.952547,116.71703
STA 0+652.00,-0.952549,116.717034
STA 0+652.50,-0.952552,116.717038
STA 0+653.00,-0.952554,116.717042
STA 0+653.50,-0.952556,116.717046
STA 0+654.00,-0.952559,116.717049
STA 0+654.50,-0.952561,116.717053
STA 0+655.00,-0.952563,116.717057
STA 0+655.50,-0.952566,116.717061
STA 0+656.00,-0.952568,116.717065
STA 0+656.50,-0.95257,116.717069
STA 0+657.00,-0.952573,116.717073
STA 0+657.50,-0.952575,116.717076
STA 0+658.00,-0.952577,116.71708
STA 0+658.50,-0.95258,116.717084
STA 0+659.00,-0.952582,116.717088
STA 0+659.50,-0.952584,116.717092
STA 0+660.00,-0.952586,116.717096
STA 0+660.50,-0.952589,116.7171
STA 0+661.00,-0.952591,116.717104
STA 0+661.50,-0.952593,116.717107
STA 0+662.00,-0.952596,116.717111
STA 0+662.50,-0.952598,116.717115
STA 0+663.00,-0.9526,116.717119
STA 0+663.50,-0.952602,116.717123
STA 0+664.00,-0.952605,116.717127
STA 0+664.50,-0.952607,116.717131
STA 0+665.00,-0.952609,116.717135
STA 0+665.50,-0.952612,116.717138
STA 0+666.00,-0.952614,116.717142
STA 0+666.50,-0.952616,116.717146
STA 0+667.00,-0.952618,116.71715
STA 0+667.50,-0.95262,116.717154
STA 0+668.00,-0.952623,116.717158
STA 0+668.50,-0.952625,116.717162
STA 0+669.00,-0.952627,116.717166
STA 0+669.50,-0.952629,116.71717
STA 0+670.00,-0.952632,116.717174
STA 0+670.50,-0.952634,116.717177
STA 0+671.00,-0.952636,116.717181
STA 0+671.50,-0.952638,116.717185
STA 0+672.00,-0.95264,116.717189
STA 0+672.50,-0.952643,116.717193
STA 0+673.00,-0.952645,116.717197
STA 0+673.50,-0.952647,116.717201
STA 0+674.00,-0.95265,116.717205
STA 0+674.50,-0.952652,116.717209
STA 0+675.00,-0.952654,116.717212
STA 0+675.50,-0.952656,116.717216
STA 0+676.00,-0.952659,116.71722
STA 0+676.50,-0.952661,116.717224
STA 0+677.00,-0.952663,116.717228
STA 0+677.50,-0.952665,116.717232
STA 0+678.00,-0.952667,116.717236
STA 0+678.50,-0.95267,116.71724
STA 0+679.00,-0.952672,116.717244
STA 0+679.50,-0.952674,116.717248
STA 0+680.00,-0.952676,116.717252
STA 0+680.50,-0.952678,116.717256
STA 0+681.00,-0.95268,116.71726
STA 0+681.50,-0.952682,116.717264
STA 0+682.00,-0.952684,116.717268
STA 0+682.50,-0.952686,116.717272
STA 0+683.00,-0.952688,116.717276
STA 0+683.50,-0.95269,116.71728
STA 0+684.00,-0.952692,116.717284
STA 0+684.50,-0.952694,116.717288
STA 0+685.00,-0.952696,116.717292
STA 0+685.50,-0.952698,116.717296
STA 0+686.00,-0.9527,116.7173
STA 0+686.50,-0.952702,116.717304
STA 0+687.00,-0.952704,116.717308
STA 0+687.50,-0.952706,116.717312
STA 0+688.00,-0.952707,116.717316
STA 0+688.50,-0.952709,116.717321
STA 0+689.00,-0.952711,116.717325
STA 0+689.50,-0.952713,116.717329
STA 0+690.00,-0.952715,116.717333
STA 0+690.50,-0.952716,116.717337
STA 0+691.00,-0.952718,116.717341
STA 0+691.50,-0.95272,116.717345
STA 0+692.00,-0.952722,116.717349
STA 0+692.50,-0.952724,116.717353
STA 0+693.00,-0.952726,116.717358
STA 0+693.50,-0.952727,116.717362
STA 0+694.00,-0.952729,116.717366
STA 0+694.50,-0.952731,116.71737
STA 0+695.00,-0.952733,116.717374
STA 0+695.50,-0.952735,116.717378
STA 0+696.00,-0.952736,116.717382
STA 0+696.50,-0.952738,116.717386
STA 0+697.00,-0.95274,116.71739
STA 0+697.50,-0.952742,116.717394
STA 0+698.00,-0.952744,116.717398
STA 0+698.50,-0.952746,116.717403
STA 0+699.00,-0.952748,116.717407
STA 0+699.50,-0.95275,116.717411
STA 0+700.00,-0.952752,116.717415
STA 0+700.50,-0.952754,116.717419
STA 0+701.00,-0.952756,116.717423
STA 0+701.50,-0.952758,116.717427
STA 0+702.00,-0.952761,116.71743
STA 0+702.50,-0.952763,116.717434
STA 0+703.00,-0.952765,116.717438
STA 0+703.50,-0.952768,116.717442
STA 0+704.00,-0.95277,116.717446
STA 0+704.50,-0.952772,116.71745
STA 0+705.00,-0.952774,116.717454
STA 0+705.50,-0.952777,116.717458
STA 0+706.00,-0.952779,116.717461
STA 0+706.50,-0.952781,116.717465
STA 0+707.00,-0.952784,116.717469
STA 0+707.50,-0.952786,116.717473
STA 0+708.00,-0.952788,116.717477
STA 0+708.50,-0.952791,116.717481
STA 0+709.00,-0.952793,116.717484
STA 0+709.50,-0.952796,116.717488
STA 0+710.00,-0.952798,116.717492
STA 0+710.50,-0.9528,116.717496
STA 0+711.00,-0.952803,116.7175
STA 0+711.50,-0.952805,116.717503
STA 0+712.00,-0.952808,116.717507
STA 0+712.50,-0.95281,116.717511
STA 0+713.00,-0.952812,116.717515
STA 0+713.50,-0.952814,116.717519
STA 0+714.00,-0.952817,116.717523
STA 0+714.50,-0.952819,116.717527
STA 0+715.00,-0.952821,116.71753
STA 0+715.50,-0.952823,116.717534
STA 0+716.00,-0.952826,116.717538
STA 0+716.50,-0.952828,116.717542
STA 0+717.00,-0.95283,116.717546
STA 0+717.50,-0.952832,116.71755
STA 0+718.00,-0.952835,116.717554
STA 0+718.50,-0.952837,116.717558
STA 0+719.00,-0.952839,116.717562
STA 0+719.50,-0.952841,116.717566
STA 0+720.00,-0.952844,116.71757
STA 0+720.50,-0.952846,116.717573
STA 0+721.00,-0.952848,116.717577
STA 0+721.50,-0.95285,116.717581
STA 0+722.00,-0.952852,116.717585
STA 0+722.50,-0.952855,116.717589
STA 0+723.00,-0.952857,116.717593
STA 0+723.50,-0.952859,116.717597
STA 0+724.00,-0.952861,116.717601
STA 0+724.50,-0.952863,116.717605
STA 0+725.00,-0.952866,116.717609
STA 0+725.50,-0.952868,116.717613
STA 0+726.00,-0.95287,116.717617
STA 0+726.50,-0.952872,116.71762
STA 0+727.00,-0.952874,116.717624
STA 0+727.50,-0.952877,116.717628
STA 0+728.00,-0.952879,116.717632
STA 0+728.50,-0.952881,116.717636
STA 0+729.00,-0.952883,116.71764
STA 0+729.50,-0.952886,116.717644
STA 0+730.00,-0.952888,116.717648
STA 0+730.50,-0.95289,116.717652
STA 0+731.00,-0.952892,116.717656
STA 0+731.50,-0.952894,116.71766
STA 0+732.00,-0.952896,116.717664
STA 0+732.50,-0.952898,116.717668
STA 0+733.00,-0.9529,116.717672
STA 0+733.50,-0.952902,116.717676
STA 0+734.00,-0.952904,116.71768
STA 0+734.50,-0.952906,116.717684
STA 0+735.00,-0.952908,116.717688
STA 0+735.50,-0.95291,116.717692
STA 0+736.00,-0.952912,116.717696
STA 0+736.50,-0.952914,116.7177
STA 0+737.00,-0.952916,116.717704
STA 0+737.50,-0.952918,116.717708
STA 0+738.00,-0.95292,116.717712
STA 0+738.50,-0.952922,116.717716
STA 0+739.00,-0.952924,116.71772
STA 0+739.50,-0.952926,116.717724
STA 0+740.00,-0.952928,116.717728
STA 0+740.50,-0.95293,116.717732
STA 0+741.00,-0.952932,116.717736
STA 0+741.50,-0.952934,116.71774
STA 0+742.00,-0.952936,116.717744
STA 0+742.50,-0.952937,116.717749
STA 0+743.00,-0.952939,116.717753
STA 0+743.50,-0.952941,116.717757
STA 0+744.00,-0.952943,116.717761
STA 0+744.50,-0.952944,116.717765
STA 0+745.00,-0.952946,116.717769
STA 0+745.50,-0.952948,116.717774
STA 0+746.00,-0.952949,116.717778
STA 0+746.50,-0.952951,116.717782
STA 0+747.00,-0.952953,116.717786
STA 0+747.50,-0.952954,116.71779
STA 0+748.00,-0.952956,116.717795
STA 0+748.50,-0.952957,116.717799
STA 0+749.00,-0.952959,116.717803
STA 0+749.50,-0.952961,116.717807
STA 0+750.00,-0.952962,116.717811
STA 0+750.50,-0.952964,116.717816
STA 0+751.00,-0.952965,116.71782
STA 0+751.50,-0.952967,116.717824
STA 0+752.00,-0.952968,116.717828
STA 0+752.50,-0.95297,116.717833
STA 0+753.00,-0.952971,116.717837
STA 0+753.50,-0.952972,116.717841
STA 0+754.00,-0.952974,116.717846
STA 0+754.50,-0.952975,116.71785
STA 0+755.00,-0.952976,116.717854
STA 0+755.50,-0.952977,116.717858
STA 0+756.00,-0.952979,116.717863
STA 0+756.50,-0.95298,116.717867
STA 0+757.00,-0.952981,116.717871
STA 0+757.50,-0.952983,116.717876
STA 0+758.00,-0.952984,116.71788
STA 0+758.50,-0.952985,116.717884
STA 0+759.00,-0.952987,116.717889
STA 0+759.50,-0.952988,116.717893
STA 0+760.00,-0.952989,116.717897
STA 0+760.50,-0.952991,116.717901
STA 0+761.00,-0.952992,116.717906
STA 0+761.50,-0.952993,116.71791
STA 0+762.00,-0.952995,116.717914
STA 0+762.50,-0.952996,116.717918
STA 0+763.00,-0.952998,116.717923
STA 0+763.50,-0.952999,116.717927
STA 0+764.00,-0.953001,116.717931
STA 0+764.50,-0.953002,116.717935
STA 0+765.00,-0.953004,116.71794
STA 0+765.50,-0.953005,116.717944
STA 0+766.00,-0.953007,116.717948
STA 0+766.50,-0.953008,116.717952
STA 0+767.00,-0.95301,116.717957
STA 0+767.50,-0.953011,116.717961
STA 0+768.00,-0.953012,116.717965
STA 0+768.50,-0.953014,116.71797
STA 0+769.00,-0.953015,116.717974
STA 0+769.50,-0.953017,116.717978
STA 0+770.00,-0.953018,116.717982
STA 0+770.50,-0.953019,116.717987
STA 0+771.00,-0.953021,116.717991
STA 0+771.50,-0.953022,116.717995
STA 0+772.00,-0.953023,116.717999
STA 0+772.50,-0.953025,116.718004
STA 0+773.00,-0.953026,116.718008
STA 0+773.50,-0.953028,116.718012
STA 0+774.00,-0.953029,116.718017
STA 0+774.50,-0.953031,116.718021
STA 0+775.00,-0.953032,116.718025
STA 0+775.50,-0.953033,116.718029
STA 0+776.00,-0.953035,116.718034
STA 0+776.50,-0.953036,116.718038
STA 0+777.00,-0.953038,116.718042
STA 0+777.50,-0.953039,116.718046
STA 0+778.00,-0.95304,116.718051
STA 0+778.50,-0.953042,116.718055
STA 0+779.00,-0.953043,116.718059
STA 0+779.50,-0.953045,116.718064
STA 0+780.00,-0.953046,116.718068
STA 0+780.50,-0.953047,116.718072
STA 0+781.00,-0.953049,116.718076
STA 0+781.50,-0.95305,116.718081
STA 0+782.00,-0.953052,116.718085
STA 0+782.50,-0.953053,116.718089
STA 0+783.00,-0.953054,116.718094
STA 0+783.50,-0.953055,116.718098
STA 0+784.00,-0.953057,116.718102
STA 0+784.50,-0.953058,116.718106
STA 0+785.00,-0.953059,116.718111
STA 0+785.50,-0.953061,116.718115
STA 0+786.00,-0.953062,116.718119
STA 0+786.50,-0.953063,116.718124
STA 0+787.00,-0.953065,116.718128
STA 0+787.50,-0.953066,116.718132
STA 0+788.00,-0.953067,116.718137
STA 0+788.50,-0.953068,116.718141
STA 0+789.00,-0.95307,116.718145
STA 0+789.50,-0.953071,116.71815
STA 0+790.00,-0.953072,116.718154
STA 0+790.50,-0.953074,116.718158
STA 0+791.00,-0.953075,116.718162
STA 0+791.50,-0.953076,116.718167
STA 0+792.00,-0.953077,116.718171
STA 0+792.50,-0.953078,116.718176
STA 0+793.00,-0.953079,116.71818
STA 0+793.50,-0.95308,116.718184
STA 0+794.00,-0.953081,116.718189
STA 0+794.50,-0.953082,116.718193
STA 0+795.00,-0.953083,116.718197
STA 0+795.50,-0.953084,116.718202
STA 0+796.00,-0.953085,116.718206
STA 0+796.50,-0.953086,116.718211
STA 0+797.00,-0.953087,116.718215
STA 0+797.50,-0.953088,116.718219
STA 0+798.00,-0.953089,116.718224
STA 0+798.50,-0.95309,116.718228
STA 0+799.00,-0.953091,116.718233
STA 0+799.50,-0.953092,116.718237
STA 0+800.00,-0.953092,116.718241
STA 0+800.50,-0.953093,116.718246
STA 0+801.00,-0.953094,116.71825
STA 0+801.50,-0.953095,116.718255
STA 0+802.00,-0.953096,116.718259
STA 0+802.50,-0.953097,116.718264
STA 0+803.00,-0.953098,116.718268
STA 0+803.50,-0.953098,116.718272
STA 0+804.00,-0.953099,116.718277
STA 0+804.50,-0.9531,116.718281
STA 0+805.00,-0.953101,116.718286
STA 0+805.50,-0.953102,116.71829
STA 0+806.00,-0.953102,116.718295
STA 0+806.50,-0.953103,116.718299
STA 0+807.00,-0.953104,116.718303
STA 0+807.50,-0.953105,116.718308
STA 0+808.00,-0.953105,116.718312
STA 0+808.50,-0.953106,116.718317
STA 0+809.00,-0.953107,116.718321
STA 0+809.50,-0.953107,116.718326
STA 0+810.00,-0.953108,116.71833
STA 0+810.50,-0.953109,116.718334
STA 0+811.00,-0.953109,116.718339
STA 0+811.50,-0.95311,116.718343
STA 0+812.00,-0.953111,116.718348
STA 0+812.50,-0.953112,116.718352
STA 0+813.00,-0.953112,116.718357
STA 0+813.50,-0.953113,116.718361
STA 0+814.00,-0.953114,116.718365
STA 0+814.50,-0.953115,116.71837
STA 0+815.00,-0.953116,116.718374
STA 0+815.50,-0.953117,116.718379
STA 0+816.00,-0.953117,116.718383
STA 0+816.50,-0.953118,116.718388
STA 0+817.00,-0.953119,116.718392
STA 0+817.50,-0.953119,116.718397
STA 0+818.00,-0.95312,116.718401
STA 0+818.50,-0.95312,116.718406
STA 0+819.00,-0.953121,116.71841
STA 0+819.50,-0.953121,116.718414
STA 0+820.00,-0.953122,116.718419
STA 0+820.50,-0.953122,116.718423
STA 0+821.00,-0.953123,116.718428
STA 0+821.50,-0.953123,116.718432
STA 0+822.00,-0.953124,116.718437
STA 0+822.50,-0.953124,116.718441
STA 0+823.00,-0.953125,116.718446
STA 0+823.50,-0.953125,116.71845
STA 0+824.00,-0.953126,116.718455
STA 0+824.50,-0.953126,116.718459
STA 0+825.00,-0.953127,116.718464
STA 0+825.50,-0.953127,116.718468
STA 0+826.00,-0.953128,116.718473
STA 0+826.50,-0.953128,116.718477
STA 0+827.00,-0.953129,116.718481
STA 0+827.50,-0.953129,116.718486
STA 0+828.00,-0.95313,116.71849
STA 0+828.50,-0.95313,116.718495
STA 0+829.00,-0.953131,116.718499
STA 0+829.50,-0.953131,116.718504
STA 0+830.00,-0.953132,116.718508
STA 0+830.50,-0.953132,116.718513
STA 0+831.00,-0.953133,116.718517
STA 0+831.50,-0.953133,116.718522
STA 0+832.00,-0.953133,116.718526
STA 0+832.50,-0.953134,116.718531
STA 0+833.00,-0.953134,116.718535
STA 0+833.50,-0.953134,116.71854
STA 0+834.00,-0.953135,116.718544
STA 0+834.50,-0.953135,116.718549
STA 0+835.00,-0.953135,116.718553
STA 0+835.50,-0.953135,116.718558
STA 0+836.00,-0.953136,116.718562
STA 0+836.50,-0.953136,116.718567
STA 0+837.00,-0.953136,116.718571
STA 0+837.50,-0.953137,116.718576
STA 0+838.00,-0.953137,116.71858
STA 0+838.50,-0.953138,116.718585
STA 0+839.00,-0.953138,116.718589
STA 0+839.50,-0.953138,116.718593
STA 0+840.00,-0.953139,116.718598
STA 0+840.50,-0.953139,116.718602
STA 0+841.00,-0.95314,116.718607
STA 0+841.50,-0.95314,116.718611
STA 0+842.00,-0.95314,116.718616
STA 0+842.50,-0.95314,116.71862
STA 0+843.00,-0.95314,116.718625
STA 0+843.50,-0.95314,116.718629
STA 0+844.00,-0.95314,116.718634
STA 0+844.50,-0.95314,116.718638
STA 0+845.00,-0.95314,116.718643
STA 0+845.50,-0.95314,116.718647
STA 0+846.00,-0.95314,116.718652
STA 0+846.50,-0.95314,116.718656
STA 0+847.00,-0.95314,116.718661
STA 0+847.50,-0.95314,116.718665
STA 0+848.00,-0.95314,116.71867
STA 0+848.50,-0.95314,116.718674
STA 0+849.00,-0.953141,116.718679
STA 0+849.50,-0.953141,116.718683
STA 0+850.00,-0.953141,116.718688
STA 0+850.50,-0.953141,116.718692
STA 0+851.00,-0.953141,116.718697
STA 0+851.50,-0.953141,116.718701
STA 0+852.00,-0.953141,116.718706
STA 0+852.50,-0.953141,116.71871
STA 0+853.00,-0.953141,116.718715
STA 0+853.50,-0.953141,116.718719
STA 0+854.00,-0.953141,116.718724
STA 0+854.50,-0.953141,116.718728
STA 0+855.00,-0.953141,116.718733
STA 0+855.50,-0.953141,116.718737
STA 0+856.00,-0.953141,116.718742
STA 0+856.50,-0.953141,116.718746
STA 0+857.00,-0.953141,116.718751
STA 0+857.50,-0.953141,116.718755
STA 0+858.00,-0.953141,116.71876
STA 0+858.50,-0.953141,116.718764
STA 0+859.00,-0.953141,116.718769
STA 0+859.50,-0.953141,116.718773
STA 0+860.00,-0.953141,116.718778
STA 0+860.50,-0.953141,116.718782
STA 0+861.00,-0.953141,116.718787
STA 0+861.50,-0.953141,116.718791
STA 0+862.00,-0.953141,116.718796
STA 0+862.50,-0.953141,116.7188
STA 0+863.00,-0.953141,116.718805
STA 0+863.50,-0.953141,116.718809
STA 0+864.00,-0.95314,116.718814
STA 0+864.50,-0.95314,116.718818
STA 0+865.00,-0.95314,116.718823
STA 0+865.50,-0.95314,116.718827
STA 0+866.00,-0.95314,116.718832
STA 0+866.50,-0.95314,116.718836
STA 0+867.00,-0.95314,116.718841
STA 0+867.50,-0.953139,116.718845
STA 0+868.00,-0.953139,116.71885
STA 0+868.50,-0.953139,116.718854
STA 0+869.00,-0.953138,116.718859
STA 0+869.50,-0.953138,116.718863
STA 0+870.00,-0.953138,116.718868
STA 0+870.50,-0.953138,116.718872
STA 0+871.00,-0.953137,116.718877
STA 0+871.50,-0.953137,116.718881
STA 0+872.00,-0.953137,116.718886
STA 0+872.50,-0.953136,116.71889
STA 0+873.00,-0.953136,116.718895
STA 0+873.50,-0.953136,116.718899
STA 0+874.00,-0.953135,116.718904
STA 0+874.50,-0.953135,116.718908
STA 0+875.00,-0.953135,116.718912
STA 0+875.50,-0.953135,116.718917
STA 0+876.00,-0.953134,116.718921
STA 0+876.50,-0.953134,116.718926
STA 0+877.00,-0.953134,116.71893
STA 0+877.50,-0.953133,116.718935
STA 0+878.00,-0.953133,116.718939
STA 0+878.50,-0.953133,116.718944
STA 0+879.00,-0.953132,116.718948
STA 0+879.50,-0.953132,116.718953
STA 0+880.00,-0.953132,116.718957
STA 0+880.50,-0.953132,116.718962
STA 0+881.00,-0.953131,116.718966
STA 0+881.50,-0.953131,116.718971
STA 0+882.00,-0.953131,116.718975
STA 0+882.50,-0.95313,116.71898
STA 0+883.00,-0.95313,116.718984
STA 0+883.50,-0.953129,116.718989
STA 0+884.00,-0.953129,116.718993
STA 0+884.50,-0.953129,116.718998
STA 0+885.00,-0.953128,116.719002
STA 0+885.50,-0.953128,116.719007
STA 0+886.00,-0.953127,116.719011
STA 0+886.50,-0.953127,116.719016
STA 0+887.00,-0.953127,116.71902
STA 0+887.50,-0.953127,116.719025
STA 0+888.00,-0.953127,116.719029
STA 0+888.50,-0.953127,116.719034
STA 0+889.00,-0.953127,116.719038
STA 0+889.50,-0.953127,116.719043
STA 0+890.00,-0.953127,116.719047
STA 0+890.50,-0.953127,116.719052
STA 0+891.00,-0.953127,116.719056
STA 0+891.50,-0.953127,116.719061
STA 0+892.00,-0.953127,116.719065
STA 0+892.50,-0.953127,116.71907
STA 0+893.00,-0.953127,116.719074
STA 0+893.50,-0.953127,116.719079
STA 0+894.00,-0.953127,116.719083
STA 0+894.50,-0.953127,116.719088
STA 0+895.00,-0.953127,116.719092
STA 0+895.50,-0.953127,116.719097
STA 0+896.00,-0.953127,116.719101
STA 0+896.50,-0.953127,116.719106
STA 0+897.00,-0.953127,116.71911
STA 0+897.50,-0.953127,116.719115
STA 0+898.00,-0.953127,116.719119
STA 0+898.50,-0.953127,116.719124
STA 0+899.00,-0.953127,116.719128
STA 0+899.50,-0.953127,116.719133
STA 0+900.00,-0.953127,116.719137
STA 0+900.50,-0.953127,116.719142
STA 0+901.00,-0.953127,116.719146
STA 0+901.50,-0.953127,116.719151
STA 0+902.00,-0.953127,116.719155
STA 0+902.50,-0.953127,116.71916
STA 0+903.00,-0.953127,116.719164
STA 0+903.50,-0.953127,116.719169
STA 0+904.00,-0.953127,116.719173
STA 0+904.50,-0.953127,116.719178
STA 0+905.00,-0.953127,116.719182
STA 0+905.50,-0.953127,116.719187
STA 0+906.00,-0.953127,116.719191
STA 0+906.50,-0.953127,116.719196
STA 0+907.00,-0.953127,116.7192
STA 0+907.50,-0.953127,116.719205
STA 0+908.00,-0.953127,116.719209
STA 0+908.50,-0.953127,116.719214
STA 0+909.00,-0.953127,116.719218
STA 0+909.50,-0.953127,116.719223
STA 0+910.00,-0.953127,116.719227
STA 0+910.50,-0.953127,116.719231
STA 0+911.00,-0.953127,116.719236
STA 0+911.50,-0.953127,116.71924
STA 0+912.00,-0.953127,116.719245
STA 0+912.50,-0.953127,116.719249
STA 0+913.00,-0.953126,116.719254
STA 0+913.50,-0.953126,116.719258
STA 0+914.00,-0.953126,116.719263
STA 0+914.50,-0.953126,116.719267
STA 0+915.00,-0.953126,116.719272
STA 0+915.50,-0.953125,116.719276
STA 0+916.00,-0.953125,116.719281
STA 0+916.50,-0.953125,116.719285
STA 0+917.00,-0.953125,116.71929
STA 0+917.50,-0.953125,116.719294
STA 0+918.00,-0.953124,116.719299
STA 0+918.50,-0.953124,116.719303
STA 0+919.00,-0.953124,116.719308
STA 0+919.50,-0.953124,116.719312
STA 0+920.00,-0.953124,116.719317
STA 0+920.50,-0.953123,116.719321
STA 0+921.00,-0.953123,116.719326
STA 0+921.50,-0.953123,116.71933
STA 0+922.00,-0.953123,116.719335
STA 0+922.50,-0.953123,116.719339
STA 0+923.00,-0.953123,116.719344
STA 0+923.50,-0.953123,116.719348
STA 0+924.00,-0.953122,116.719353
STA 0+924.50,-0.953122,116.719357
STA 0+925.00,-0.953122,116.719362
STA 0+925.50,-0.953122,116.719366
STA 0+926.00,-0.953122,116.719371
STA 0+926.50,-0.953122,116.719375
STA 0+927.00,-0.953122,116.71938
STA 0+927.50,-0.953122,116.719384
STA 0+928.00,-0.953121,116.719389
STA 0+928.50,-0.953121,116.719393
STA 0+929.00,-0.953121,116.719398
STA 0+929.50,-0.953121,116.719402
STA 0+930.00,-0.953121,116.719407
STA 0+930.50,-0.95312,116.719411
STA 0+931.00,-0.95312,116.719416
STA 0+931.50,-0.95312,116.71942
STA 0+932.00,-0.95312,116.719425
STA 0+932.50,-0.95312,116.719429
STA 0+933.00,-0.95312,116.719434
STA 0+933.50,-0.95312,116.719438
STA 0+934.00,-0.95312,116.719443
STA 0+934.50,-0.95312,116.719447
STA 0+935.00,-0.95312,116.719452
STA 0+935.50,-0.95312,116.719456
STA 0+936.00,-0.95312,116.719461
STA 0+936.50,-0.95312,116.719465
STA 0+937.00,-0.95312,116.71947
STA 0+937.50,-0.95312,116.719474
STA 0+938.00,-0.95312,116.719479
STA 0+938.50,-0.95312,116.719483
STA 0+939.00,-0.95312,116.719488
STA 0+939.50,-0.95312,116.719492
STA 0+940.00,-0.95312,116.719497
STA 0+940.50,-0.95312,116.719501
STA 0+941.00,-0.95312,116.719506
STA 0+941.50,-0.95312,116.71951
STA 0+942.00,-0.95312,116.719515
STA 0+942.50,-0.95312,116.719519
STA 0+943.00,-0.953121,116.719524
STA 0+943.50,-0.953121,116.719528
STA 0+944.00,-0.953121,116.719533
STA 0+944.50,-0.953121,116.719537
STA 0+945.00,-0.953121,116.719542
STA 0+945.50,-0.953122,116.719546
STA 0+946.00,-0.953122,116.719551
STA 0+946.50,-0.953122,116.719555
STA 0+947.00,-0.953122,116.71956
STA 0+947.50,-0.953123,116.719564
STA 0+948.00,-0.953123,116.719569
STA 0+948.50,-0.953123,116.719573
STA 0+949.00,-0.953124,116.719578
STA 0+949.50,-0.953124,116.719582
STA 0+950.00,-0.953124,116.719587
STA 0+950.50,-0.953124,116.719591
STA 0+951.00,-0.953125,116.719595
STA 0+951.50,-0.953125,116.7196
STA 0+952.00,-0.953125,116.719604
STA 0+952.50,-0.953126,116.719609
STA 0+953.00,-0.953126,116.719613
STA 0+953.50,-0.953127,116.719618
STA 0+954.00,-0.953127,116.719622
STA 0+954.50,-0.953127,116.719627
STA 0+955.00,-0.953128,116.719631
STA 0+955.50,-0.953128,116.719636
STA 0+956.00,-0.953129,116.71964
STA 0+956.50,-0.953129,116.719645
STA 0+957.00,-0.95313,116.719649
STA 0+957.50,-0.95313,116.719654
STA 0+958.00,-0.953131,116.719658
STA 0+958.50,-0.953131,116.719663
STA 0+959.00,-0.953132,116.719667
STA 0+959.50,-0.953133,116.719672
STA 0+960.00,-0.953133,116.719676
STA 0+960.50,-0.953134,116.71968
STA 0+961.00,-0.953134,116.719685
STA 0+961.50,-0.953135,116.719689
STA 0+962.00,-0.953136,116.719694
STA 0+962.50,-0.953136,116.719698
STA 0+963.00,-0.953137,116.719703
STA 0+963.50,-0.953138,116.719707
STA 0+964.00,-0.953139,116.719712
STA 0+964.50,-0.953139,116.719716
STA 0+965.00,-0.95314,116.71972
STA 0+965.50,-0.953141,116.719725
STA 0+966.00,-0.953141,116.719729
STA 0+966.50,-0.953142,116.719734
STA 0+967.00,-0.953143,116.719738
STA 0+967.50,-0.953144,116.719743
STA 0+968.00,-0.953145,116.719747
STA 0+968.50,-0.953146,116.719751
STA 0+969.00,-0.953147,116.719756
STA 0+969.50,-0.953148,116.71976
STA 0+970.00,-0.953149,116.719764
STA 0+970.50,-0.95315,116.719769
STA 0+971.00,-0.953151,116.719773
STA 0+971.50,-0.953152,116.719778
STA 0+972.00,-0.953153,116.719782
STA 0+972.50,-0.953154,116.719786
STA 0+973.00,-0.953155,116.719791
STA 0+973.50,-0.953157,116.719795
STA 0+974.00,-0.953158,116.719799
STA 0+974.50,-0.953159,116.719804
STA 0+975.00,-0.95316,116.719808
STA 0+975.50,-0.953161,116.719813
STA 0+976.00,-0.953162,116.719817
STA 0+976.50,-0.953163,116.719821
STA 0+977.00,-0.953164,116.719826
STA 0+977.50,-0.953165,116.71983
STA 0+978.00,-0.953167,116.719834
STA 0+978.50,-0.953168,116.719839
STA 0+979.00,-0.953169,116.719843
STA 0+979.50,-0.95317,116.719847
STA 0+980.00,-0.953172,116.719852
STA 0+980.50,-0.953173,116.719856
STA 0+981.00,-0.953174,116.71986
STA 0+981.50,-0.953175,116.719865
STA 0+982.00,-0.953176,116.719869
STA 0+982.50,-0.953178,116.719873
STA 0+983.00,-0.953179,116.719878
STA 0+983.50,-0.95318,116.719882
STA 0+984.00,-0.953181,116.719886
STA 0+984.50,-0.953182,116.719891
STA 0+985.00,-0.953184,116.719895
STA 0+985.50,-0.953185,116.719899
STA 0+986.00,-0.953186,116.719904
STA 0+986.50,-0.953187,116.719908
STA 0+987.00,-0.953189,116.719912
STA 0+987.50,-0.95319,116.719916
STA 0+988.00,-0.953191,116.719921
STA 0+988.50,-0.953192,116.719925
STA 0+989.00,-0.953194,116.719929
STA 0+989.50,-0.953195,116.719934
STA 0+990.00,-0.953196,116.719938
STA 0+990.50,-0.953198,116.719942
STA 0+991.00,-0.953199,116.719947
STA 0+991.50,-0.9532,116.719951
STA 0+992.00,-0.953201,116.719955
STA 0+992.50,-0.953203,116.71996
STA 0+993.00,-0.953204,116.719964
STA 0+993.50,-0.953205,116.719968
STA 0+994.00,-0.953206,116.719973
STA 0+994.50,-0.953207,116.719977
STA 0+995.00,-0.953209,116.719981
STA 0+995.50,-0.95321,116.719986
STA 0+996.00,-0.953211,116.71999
STA 0+996.50,-0.953212,116.719994
STA 0+997.00,-0.953214,116.719998
STA 0+997.50,-0.953216,116.720003
STA 0+998.00,-0.953217,116.720007
STA 0+998.50,-0.953219,116.720011
STA 0+999.00,-0.953221,116.720015
STA 0+999.50,-0.953222,116.720019
STA 1+000.00,-0.953224,116.720023
STA 1+000.50,-0.953226,116.720028
STA 1+001.00,-0.953228,116.720032
STA 1+001.50,-0.953229,116.720036
STA 1+002.00,-0.953231,116.72004
STA 1+002.50,-0.953233,116.720044
STA 1+003.00,-0.953235,116.720048
STA 1+003.50,-0.953236,116.720052
STA 1+004.00,-0.953238,116.720056
STA 1+004.50,-0.95324,116.720061
STA 1+005.00,-0.953242,116.720065
STA 1+005.50,-0.953244,116.720069
STA 1+006.00,-0.953245,116.720073
STA 1+006.50,-0.953247,116.720077
STA 1+007.00,-0.953249,116.720081
STA 1+007.50,-0.953251,116.720085
STA 1+008.00,-0.953253,116.720089
STA 1+008.50,-0.953255,116.720093
STA 1+009.00,-0.953257,116.720097
STA 1+009.50,-0.953259,116.720102
STA 1+010.00,-0.953261,116.720106
STA 1+010.50,-0.953263,116.72011
STA 1+011.00,-0.953264,116.720114
STA 1+011.50,-0.953266,116.720118
STA 1+012.00,-0.953268,116.720122
STA 1+012.50,-0.95327,116.720126
STA 1+013.00,-0.953272,116.72013
STA 1+013.50,-0.953274,116.720134
STA 1+014.00,-0.953276,116.720138
STA 1+014.50,-0.953278,116.720142
STA 1+015.00,-0.95328,116.720146
STA 1+015.50,-0.953282,116.72015
STA 1+016.00,-0.953284,116.720154
STA 1+016.50,-0.953287,116.720158
STA 1+017.00,-0.953289,116.720162
STA 1+017.50,-0.953291,116.720166
STA 1+018.00,-0.953293,116.72017
STA 1+018.50,-0.953295,116.720174
STA 1+019.00,-0.953297,116.720178
STA 1+019.50,-0.9533,116.720182
STA 1+020.00,-0.953302,116.720186
STA 1+020.50,-0.953304,116.720189
STA 1+021.00,-0.953306,116.720193
STA 1+021.50,-0.953308,116.720197
STA 1+022.00,-0.953311,116.720201
STA 1+022.50,-0.953313,116.720205
STA 1+023.00,-0.953315,116.720209
STA 1+023.50,-0.953318,116.720213
STA 1+024.00,-0.95332,116.720217
STA 1+024.50,-0.953322,116.72022
STA 1+025.00,-0.953325,116.720224
STA 1+025.50,-0.953327,116.720228
STA 1+026.00,-0.953329,116.720232
STA 1+026.50,-0.953332,116.720236
STA 1+027.00,-0.953334,116.72024
STA 1+027.50,-0.953336,116.720243
STA 1+028.00,-0.953339,116.720247
STA 1+028.50,-0.953341,116.720251
STA 1+029.00,-0.953344,116.720255
STA 1+029.50,-0.953346,116.720258
STA 1+030.00,-0.953349,116.720262
STA 1+030.50,-0.953351,116.720266
STA 1+031.00,-0.953354,116.72027
STA 1+031.50,-0.953356,116.720273
STA 1+032.00,-0.953359,116.720277
STA 1+032.50,-0.953362,116.720281
STA 1+033.00,-0.953364,116.720284
STA 1+033.50,-0.953367,116.720288
STA 1+034.00,-0.95337,116.720291
STA 1+034.50,-0.953372,116.720295
STA 1+035.00,-0.953375,116.720299
STA 1+035.50,-0.953378,116.720302
STA 1+036.00,-0.953381,116.720306
STA 1+036.50,-0.953383,116.720309
STA 1+037.00,-0.953386,116.720313
STA 1+037.50,-0.953389,116.720317
STA 1+038.00,-0.953391,116.72032
STA 1+038.50,-0.953394,116.720324
STA 1+039.00,-0.953396,116.720328
STA 1+039.50,-0.953399,116.720331
STA 1+040.00,-0.953402,116.720335
STA 1+040.50,-0.953404,116.720339
STA 1+041.00,-0.953407,116.720342
STA 1+041.50,-0.95341,116.720346
STA 1+042.00,-0.953412,116.720349
STA 1+042.50,-0.953415,116.720353
STA 1+043.00,-0.953418,116.720356
STA 1+043.50,-0.953421,116.72036
STA 1+044.00,-0.953423,116.720364
STA 1+044.50,-0.953426,116.720367
STA 1+045.00,-0.953429,116.720371
STA 1+045.50,-0.953432,116.720374
STA 1+046.00,-0.953434,116.720378
STA 1+046.50,-0.953437,116.720381
STA 1+047.00,-0.95344,116.720385
STA 1+047.50,-0.953443,116.720388
STA 1+048.00,-0.953446,116.720392
STA 1+048.50,-0.953448,116.720395
STA 1+049.00,-0.953451,116.720399
STA 1+049.50,-0.953454,116.720402
STA 1+050.00,-0.953457,116.720406
STA 1+050.50,-0.95346,116.720409
STA 1+051.00,-0.953463,116.720413
STA 1+051.50,-0.953465,116.720416
STA 1+052.00,-0.953468,116.72042
STA 1+052.50,-0.953471,116.720423
STA 1+053.00,-0.953474,116.720427
STA 1+053.50,-0.953477,116.72043
STA 1+054.00,-0.953479,116.720434
STA 1+054.50,-0.953482,116.720437
STA 1+055.00,-0.953485,116.720441
STA 1+055.50,-0.953488,116.720444
STA 1+056.00,-0.953491,116.720448
STA 1+056.50,-0.953493,116.720451
STA 1+057.00,-0.953496,116.720455
STA 1+057.50,-0.953499,116.720458
STA 1+058.00,-0.953502,116.720462
STA 1+058.50,-0.953505,116.720465
STA 1+059.00,-0.953508,116.720469
STA 1+059.50,-0.953511,116.720472
STA 1+060.00,-0.953514,116.720475
STA 1+060.50,-0.953517,116.720479
STA 1+061.00,-0.95352,116.720482
STA 1+061.50,-0.953523,116.720486
STA 1+062.00,-0.953525,116.720489
STA 1+062.50,-0.953528,116.720493
STA 1+063.00,-0.953531,116.720496
STA 1+063.50,-0.953534,116.7205
STA 1+064.00,-0.953537,116.720503
STA 1+064.50,-0.95354,116.720506
STA 1+065.00,-0.953543,116.72051
STA 1+065.50,-0.953546,116.720513
STA 1+066.00,-0.953548,116.720517
STA 1+066.50,-0.953551,116.72052
STA 1+067.00,-0.953554,116.720524
STA 1+067.50,-0.953557,116.720527
STA 1+068.00,-0.95356,116.720531
STA 1+068.50,-0.953563,116.720534
STA 1+069.00,-0.953565,116.720538
STA 1+069.50,-0.953568,116.720541
STA 1+070.00,-0.953571,116.720545
STA 1+070.50,-0.953574,116.720548
STA 1+071.00,-0.953577,116.720552
STA 1+071.50,-0.953579,116.720555
STA 1+072.00,-0.953582,116.720559
STA 1+072.50,-0.953585,116.720563
STA 1+073.00,-0.953587,116.720566
STA 1+073.50,-0.95359,116.72057
STA 1+074.00,-0.953593,116.720573
STA 1+074.50,-0.953596,116.720577
STA 1+075.00,-0.953598,116.720581
STA 1+075.50,-0.953601,116.720584
STA 1+076.00,-0.953604,116.720588
STA 1+076.50,-0.953606,116.720591
STA 1+077.00,-0.953609,116.720595
STA 1+077.50,-0.953611,116.720599
STA 1+078.00,-0.953614,116.720603
STA 1+078.50,-0.953616,116.720607
STA 1+079.00,-0.953618,116.72061
STA 1+079.50,-0.953621,116.720614
STA 1+080.00,-0.953623,116.720618
STA 1+080.50,-0.953626,116.720622
STA 1+081.00,-0.953628,116.720626
STA 1+081.50,-0.95363,116.720629
STA 1+082.00,-0.953633,116.720633
STA 1+082.50,-0.953635,116.720637
STA 1+083.00,-0.953638,116.720641
STA 1+083.50,-0.95364,116.720644
STA 1+084.00,-0.953643,116.720648
STA 1+084.50,-0.953645,116.720652
STA 1+085.00,-0.953648,116.720656
STA 1+085.50,-0.95365,116.720659
STA 1+086.00,-0.953653,116.720663
STA 1+086.50,-0.953656,116.720667
STA 1+087.00,-0.953658,116.72067
STA 1+087.50,-0.953661,116.720674
STA 1+088.00,-0.953663,116.720678
STA 1+088.50,-0.953666,116.720681
STA 1+089.00,-0.953668,116.720685
STA 1+089.50,-0.953671,116.720689
STA 1+090.00,-0.953674,116.720693
STA 1+090.50,-0.953676,116.720696
STA 1+091.00,-0.953679,116.7207
STA 1+091.50,-0.953681,116.720704
STA 1+092.00,-0.953684,116.720707
STA 1+092.50,-0.953687,116.720711
STA 1+093.00,-0.95369,116.720714
STA 1+093.50,-0.953693,116.720718
STA 1+094.00,-0.953695,116.720721
STA 1+094.50,-0.953698,116.720725
STA 1+095.00,-0.953701,116.720728
STA 1+095.50,-0.953704,116.720732
STA 1+096.00,-0.953707,116.720735
STA 1+096.50,-0.95371,116.720739
STA 1+097.00,-0.953712,116.720742
STA 1+097.50,-0.953715,116.720746
STA 1+098.00,-0.953718,116.720749
STA 1+098.50,-0.953721,116.720752
STA 1+099.00,-0.953724,116.720756
STA 1+099.50,-0.953727,116.720759
STA 1+100.00,-0.95373,116.720763
STA 1+100.50,-0.953732,116.720766
STA 1+101.00,-0.953735,116.72077
STA 1+101.50,-0.953738,116.720773
STA 1+102.00,-0.953741,116.720777
STA 1+102.50,-0.953744,116.72078
STA 1+103.00,-0.953747,116.720784
STA 1+103.50,-0.95375,116.720787
STA 1+104.00,-0.953753,116.720791
STA 1+104.50,-0.953755,116.720794
STA 1+105.00,-0.953758,116.720798
STA 1+105.50,-0.953761,116.720801
STA 1+106.00,-0.953764,116.720804
STA 1+106.50,-0.953767,116.720808
STA 1+107.00,-0.95377,116.720812
STA 1+107.50,-0.953772,116.720815
STA 1+108.00,-0.953775,116.720819
STA 1+108.50,-0.953778,116.720822
STA 1+109.00,-0.953781,116.720826
STA 1+109.50,-0.953783,116.720829
STA 1+110.00,-0.953786,116.720833
STA 1+110.50,-0.953789,116.720836
STA 1+111.00,-0.953792,116.72084
STA 1+111.50,-0.953794,116.720843
STA 1+112.00,-0.953797,116.720847
STA 1+112.50,-0.9538,116.720851
STA 1+113.00,-0.953803,116.720854
STA 1+113.50,-0.953806,116.720858
STA 1+114.00,-0.953808,116.720861
STA 1+114.50,-0.953811,116.720865
STA 1+115.00,-0.953814,116.720868
STA 1+115.50,-0.953817,116.720872
STA 1+116.00,-0.95382,116.720875
STA 1+116.50,-0.953822,116.720879
STA 1+117.00,-0.953825,116.720882
STA 1+117.50,-0.953828,116.720886
STA 1+118.00,-0.953831,116.720889
STA 1+118.50,-0.953834,116.720893
STA 1+119.00,-0.953837,116.720896
STA 1+119.50,-0.953839,116.7209
STA 1+120.00,-0.953842,116.720903
STA 1+120.50,-0.953845,116.720907
STA 1+121.00,-0.953848,116.72091
STA 1+121.50,-0.953851,116.720914
STA 1+122.00,-0.953853,116.720917
STA 1+122.50,-0.953856,116.720921
STA 1+123.00,-0.953859,116.720924
STA 1+123.50,-0.953862,116.720928
STA 1+124.00,-0.953865,116.720931
STA 1+124.50,-0.953867,116.720935
STA 1+125.00,-0.95387,116.720938
STA 1+125.50,-0.953873,116.720942
STA 1+126.00,-0.953876,116.720945
STA 1+126.50,-0.953879,116.720949
STA 1+127.00,-0.953882,116.720952
STA 1+127.50,-0.953885,116.720956
STA 1+128.00,-0.953887,116.720959
STA 1+128.50,-0.95389,116.720962
STA 1+129.00,-0.953893,116.720966
STA 1+129.50,-0.953896,116.720969
STA 1+130.00,-0.953899,116.720973
STA 1+130.50,-0.953902,116.720976
STA 1+131.00,-0.953905,116.72098
STA 1+131.50,-0.953908,116.720983
STA 1+132.00,-0.953911,116.720986
STA 1+132.50,-0.953914,116.72099
STA 1+133.00,-0.953917,116.720993
STA 1+133.50,-0.95392,116.720996
STA 1+134.00,-0.953923,116.721
STA 1+134.50,-0.953926,116.721003
STA 1+135.00,-0.953929,116.721007
STA 1+135.50,-0.953932,116.72101
STA 1+136.00,-0.953935,116.721013
STA 1+136.50,-0.953938,116.721017
STA 1+137.00,-0.953941,116.72102
STA 1+137.50,-0.953944,116.721023
STA 1+138.00,-0.953947,116.721026
STA 1+138.50,-0.95395,116.72103
STA 1+139.00,-0.953953,116.721033
STA 1+139.50,-0.953956,116.721036
STA 1+140.00,-0.95396,116.721039
STA 1+140.50,-0.953963,116.721043
STA 1+141.00,-0.953966,116.721046
STA 1+141.50,-0.953969,116.721049
STA 1+142.00,-0.953972,116.721052
STA 1+142.50,-0.953975,116.721055
STA 1+143.00,-0.953979,116.721059
STA 1+143.50,-0.953982,116.721062
STA 1+144.00,-0.953985,116.721065
STA 1+144.50,-0.953988,116.721068
STA 1+145.00,-0.953991,116.721071
STA 1+145.50,-0.953994,116.721074
STA 1+146.00,-0.953998,116.721078
STA 1+146.50,-0.954001,116.721081
STA 1+147.00,-0.954004,116.721084
STA 1+147.50,-0.954008,116.721087
STA 1+148.00,-0.954011,116.72109
STA 1+148.50,-0.954014,116.721093
STA 1+149.00,-0.954018,116.721096
STA 1+149.50,-0.954021,116.721099
STA 1+150.00,-0.954024,116.721102
STA 1+150.50,-0.954028,116.721105
STA 1+151.00,-0.954031,116.721108
STA 1+151.50,-0.954035,116.72111
STA 1+152.00,-0.954038,116.721113
STA 1+152.50,-0.954041,116.721116
STA 1+153.00,-0.954045,116.721119
STA 1+153.50,-0.954048,116.721122
STA 1+154.00,-0.954052,116.721125
STA 1+154.50,-0.954055,116.721128
STA 1+155.00,-0.954058,116.721131
STA 1+155.50,-0.954062,116.721134
STA 1+156.00,-0.954065,116.721137
STA 1+156.50,-0.954069,116.72114
STA 1+157.00,-0.954072,116.721142
STA 1+157.50,-0.954076,116.721145
STA 1+158.00,-0.954079,116.721148
STA 1+158.50,-0.954083,116.721151
STA 1+159.00,-0.954086,116.721154
STA 1+159.50,-0.95409,116.721156
STA 1+160.00,-0.954093,116.721159
STA 1+160.50,-0.954097,116.721162
STA 1+161.00,-0.9541,116.721165
STA 1+161.50,-0.954104,116.721168
STA 1+162.00,-0.954107,116.721171
STA 1+162.50,-0.954111,116.721173
STA 1+163.00,-0.954114,116.721176
STA 1+163.50,-0.954118,116.721179
STA 1+164.00,-0.954121,116.721182
STA 1+164.50,-0.954125,116.721185
STA 1+165.00,-0.954128,116.721187
STA 1+165.50,-0.954132,116.72119
STA 1+166.00,-0.954136,116.721193
STA 1+166.50,-0.954139,116.721196
STA 1+167.00,-0.954143,116.721198
STA 1+167.50,-0.954146,116.721201
STA 1+168.00,-0.95415,116.721204
STA 1+168.50,-0.954153,116.721207
STA 1+169.00,-0.954157,116.721209
STA 1+169.50,-0.954161,116.721212
STA 1+170.00,-0.954164,116.721215
STA 1+170.50,-0.954168,116.721217
STA 1+171.00,-0.954171,116.72122
STA 1+171.50,-0.954175,116.721223
STA 1+172.00,-0.954179,116.721225
STA 1+172.50,-0.954182,116.721228
STA 1+173.00,-0.954186,116.721231
STA 1+173.50,-0.95419,116.721233
STA 1+174.00,-0.954193,116.721236
STA 1+174.50,-0.954197,116.721239
STA 1+175.00,-0.9542,116.721241
STA 1+175.50,-0.954204,116.721244
STA 1+176.00,-0.954208,116.721247
STA 1+176.50,-0.954211,116.721249
STA 1+177.00,-0.954215,116.721252
STA 1+177.50,-0.954219,116.721254
STA 1+178.00,-0.954223,116.721257
STA 1+178.50,-0.954226,116.721259
STA 1+179.00,-0.95423,116.721261
STA 1+179.50,-0.954234,116.721264
STA 1+180.00,-0.954238,116.721266
STA 1+180.50,-0.954242,116.721269
STA 1+181.00,-0.954245,116.721271
STA 1+181.50,-0.954249,116.721274
STA 1+182.00,-0.954253,116.721276
STA 1+182.50,-0.954257,116.721278
STA 1+183.00,-0.954261,116.72128
STA 1+183.50,-0.954265,116.721282
STA 1+184.00,-0.954269,116.721284
STA 1+184.50,-0.954273,116.721287
STA 1+185.00,-0.954277,116.721289
STA 1+185.50,-0.954281,116.721291
STA 1+186.00,-0.954285,116.721293
STA 1+186.50,-0.954289,116.721295
STA 1+187.00,-0.954293,116.721297
STA 1+187.50,-0.954297,116.721299
STA 1+188.00,-0.954301,116.721301
STA 1+188.50,-0.954305,116.721303
STA 1+189.00,-0.954309,116.721305
STA 1+189.50,-0.954313,116.721307
STA 1+190.00,-0.954317,116.721309
STA 1+190.50,-0.954321,116.721311
STA 1+191.00,-0.954325,116.721313
STA 1+191.50,-0.954329,116.721315
STA 1+192.00,-0.954333,116.721317
STA 1+192.50,-0.954337,116.721319
STA 1+193.00,-0.954341,116.721321
STA 1+193.50,-0.954345,116.721323
STA 1+194.00,-0.954349,116.721324
STA 1+194.50,-0.954353,116.721326
STA 1+195.00,-0.954358,116.721328
STA 1+195.50,-0.954362,116.72133
STA 1+196.00,-0.954366,116.721332
STA 1+196.50,-0.95437,116.721333
STA 1+197.00,-0.954374,116.721335
STA 1+197.50,-0.954378,116.721337
STA 1+198.00,-0.954382,116.721339
STA 1+198.50,-0.954386,116.721341
STA 1+199.00,-0.954391,116.721342
STA 1+199.50,-0.954395,116.721344
STA 1+200.00,-0.954399,116.721346
STA 1+200.50,-0.954403,116.721348
STA 1+201.00,-0.954407,116.72135
STA 1+201.50,-0.954411,116.721351
STA 1+202.00,-0.954415,116.721353
STA 1+202.50,-0.95442,116.721354
STA 1+203.00,-0.954424,116.721355
STA 1+203.50,-0.954428,116.721357
STA 1+204.00,-0.954433,116.721358
STA 1+204.50,-0.954437,116.721359
STA 1+205.00,-0.954441,116.72136
STA 1+205.50,-0.954446,116.721362
STA 1+206.00,-0.95445,116.721363
STA 1+206.50,-0.954454,116.721364
STA 1+207.00,-0.954458,116.721366
STA 1+207.50,-0.954463,116.721367
STA 1+208.00,-0.954467,116.721369
STA 1+208.50,-0.954471,116.72137
STA 1+209.00,-0.954476,116.721371
STA 1+209.50,-0.95448,116.721373
STA 1+210.00,-0.954484,116.721374
STA 1+210.50,-0.954488,116.721376
STA 1+211.00,-0.954493,116.721377
STA 1+211.50,-0.954497,116.721378
STA 1+212.00,-0.954501,116.721379
STA 1+212.50,-0.954506,116.72138
STA 1+213.00,-0.95451,116.721382
STA 1+213.50,-0.954514,116.721383
STA 1+214.00,-0.954519,116.721384
STA 1+214.50,-0.954523,116.721385
STA 1+215.00,-0.954528,116.721386
STA 1+215.50,-0.954532,116.721387
STA 1+216.00,-0.954536,116.721388
STA 1+216.50,-0.954541,116.721389
STA 1+217.00,-0.954545,116.72139
STA 1+217.50,-0.954549,116.721391
STA 1+218.00,-0.954554,116.721392
STA 1+218.50,-0.954558,116.721393
STA 1+219.00,-0.954563,116.721394
STA 1+219.50,-0.954567,116.721395
STA 1+220.00,-0.954571,116.721395
STA 1+220.50,-0.954576,116.721396
STA 1+221.00,-0.95458,116.721397
STA 1+221.50,-0.954585,116.721398
STA 1+222.00,-0.954589,116.721399
STA 1+222.50,-0.954594,116.7214
STA 1+223.00,-0.954598,116.721401
STA 1+223.50,-0.954602,116.721401
STA 1+224.00,-0.954607,116.721402
STA 1+224.50,-0.954611,116.721403
STA 1+225.00,-0.954616,116.721404
STA 1+225.50,-0.95462,116.721405
STA 1+226.00,-0.954624,116.721405
STA 1+226.50,-0.954629,116.721406
STA 1+227.00,-0.954633,116.721407
STA 1+227.50,-0.954638,116.721407
STA 1+228.00,-0.954642,116.721408
STA 1+228.50,-0.954647,116.721409
STA 1+229.00,-0.954651,116.721409
STA 1+229.50,-0.954656,116.72141
STA 1+230.00,-0.95466,116.72141
STA 1+230.50,-0.954665,116.721411
STA 1+231.00,-0.954669,116.721412
STA 1+231.50,-0.954673,116.721412
STA 1+232.00,-0.954678,116.721413
STA 1+232.50,-0.954682,116.721413
STA 1+233.00,-0.954687,116.721414
STA 1+233.50,-0.954691,116.721415
STA 1+234.00,-0.954696,116.721415
STA 1+234.50,-0.9547,116.721416
STA 1+235.00,-0.954705,116.721416
STA 1+235.50,-0.954709,116.721417
STA 1+236.00,-0.954714,116.721418
STA 1+236.50,-0.954718,116.721418
STA 1+237.00,-0.954723,116.721418
STA 1+237.50,-0.954727,116.721419
STA 1+238.00,-0.954731,116.721419
STA 1+238.50,-0.954736,116.72142
STA 1+239.00,-0.95474,116.72142
STA 1+239.50,-0.954745,116.72142
STA 1+240.00,-0.954749,116.721421
STA 1+240.50,-0.954754,116.721421
STA 1+241.00,-0.954758,116.721422
STA 1+241.50,-0.954763,116.721422
STA 1+242.00,-0.954767,116.721423
STA 1+242.50,-0.954772,116.721423
STA 1+243.00,-0.954776,116.721424
STA 1+243.50,-0.954781,116.721424
STA 1+244.00,-0.954785,116.721425
STA 1+244.50,-0.95479,116.721425
STA 1+245.00,-0.954794,116.721426
STA 1+245.50,-0.954799,116.721426
STA 1+246.00,-0.954803,116.721427
STA 1+246.50,-0.954808,116.721427
STA 1+247.00,-0.954812,116.721427
STA 1+247.50,-0.954817,116.721427
STA 1+248.00,-0.954821,116.721427
STA 1+248.50,-0.954826,116.721427
STA 1+249.00,-0.95483,116.721427
STA 1+249.50,-0.954835,116.721427
STA 1+250.00,-0.954839,116.721427
STA 1+250.50,-0.954844,116.721427
STA 1+251.00,-0.954848,116.721427
STA 1+251.50,-0.954853,116.721427
STA 1+252.00,-0.954857,116.721427
STA 1+252.50,-0.954862,116.721427
STA 1+253.00,-0.954866,116.721427
STA 1+253.50,-0.95487,116.721427
STA 1+254.00,-0.954875,116.721428
STA 1+254.50,-0.954879,116.721428
STA 1+255.00,-0.954884,116.721428
STA 1+255.50,-0.954888,116.721428
STA 1+256.00,-0.954893,116.721428
STA 1+256.50,-0.954897,116.721428
STA 1+257.00,-0.954902,116.721427
STA 1+257.50,-0.954906,116.721427
STA 1+258.00,-0.954911,116.721427
STA 1+258.50,-0.954915,116.721426
STA 1+259.00,-0.95492,116.721426
STA 1+259.50,-0.954924,116.721425
STA 1+260.00,-0.954929,116.721425
STA 1+260.50,-0.954933,116.721425
STA 1+261.00,-0.954938,116.721424
STA 1+261.50,-0.954942,116.721424
STA 1+262.00,-0.954947,116.721423
STA 1+262.50,-0.954951,116.721423
STA 1+263.00,-0.954956,116.721422
STA 1+263.50,-0.95496,116.721421
STA 1+264.00,-0.954965,116.721421
STA 1+264.50,-0.954969,116.72142
STA 1+265.00,-0.954973,116.72142
STA 1+265.50,-0.954978,116.721419
STA 1+266.00,-0.954982,116.721418
STA 1+266.50,-0.954987,116.721418
STA 1+267.00,-0.954991,116.721417
STA 1+267.50,-0.954996,116.721416
STA 1+268.00,-0.955,116.721415
STA 1+268.50,-0.955004,116.721414
STA 1+269.00,-0.955009,116.721413
STA 1+269.50,-0.955013,116.721412
STA 1+270.00,-0.955018,116.721412
STA 1+270.50,-0.955022,116.721411
STA 1+271.00,-0.955026,116.72141
STA 1+271.50,-0.955031,116.721409
STA 1+272.00,-0.955035,116.721408
STA 1+272.50,-0.95504,116.721407
STA 1+273.00,-0.955044,116.721406
STA 1+273.50,-0.955048,116.721405
STA 1+274.00,-0.955053,116.721404
STA 1+274.50,-0.955057,116.721403
STA 1+275.00,-0.955062,116.721402
STA 1+275.50,-0.955066,116.721401
STA 1+276.00,-0.95507,116.7214
STA 1+276.50,-0.955075,116.721399
STA 1+277.00,-0.955079,116.721398
STA 1+277.50,-0.955083,116.721397
STA 1+278.00,-0.955088,116.721395
STA 1+278.50,-0.955092,116.721394
STA 1+279.00,-0.955096,116.721393
STA 1+279.50,-0.955101,116.721392
STA 1+280.00,-0.955105,116.721391
STA 1+280.50,-0.95511,116.72139
STA 1+281.00,-0.955114,116.721389
STA 1+281.50,-0.955118,116.721388
STA 1+282.00,-0.955123,116.721386
STA 1+282.50,-0.955127,116.721385
STA 1+283.00,-0.955131,116.721384
STA 1+283.50,-0.955136,116.721383
STA 1+284.00,-0.95514,116.721382
STA 1+284.50,-0.955144,116.721381
STA 1+285.00,-0.955149,116.721379
STA 1+285.50,-0.955153,116.721378
STA 1+286.00,-0.955157,116.721377
STA 1+286.50,-0.955162,116.721376
STA 1+287.00,-0.955166,116.721375
STA 1+287.50,-0.95517,116.721373
STA 1+288.00,-0.955175,116.721372
STA 1+288.50,-0.955179,116.721371
STA 1+289.00,-0.955183,116.72137
STA 1+289.50,-0.955188,116.721369
STA 1+290.00,-0.955192,116.721367
STA 1+290.50,-0.955196,116.721366
STA 1+291.00,-0.955201,116.721365
STA 1+291.50,-0.955205,116.721364
STA 1+292.00,-0.955209,116.721362
STA 1+292.50,-0.955214,116.721361
STA 1+293.00,-0.955218,116.72136
STA 1+293.50,-0.955222,116.721359
STA 1+294.00,-0.955226,116.721357
STA 1+294.50,-0.955231,116.721356
STA 1+295.00,-0.955235,116.721355
STA 1+295.50,-0.955239,116.721353
STA 1+296.00,-0.955244,116.721352
STA 1+296.50,-0.955248,116.721351
STA 1+297.00,-0.955252,116.721349
STA 1+297.50,-0.955256,116.721348
STA 1+298.00,-0.955261,116.721346
STA 1+298.50,-0.955265,116.721345
STA 1+299.00,-0.955269,116.721343
STA 1+299.50,-0.955273,116.721342
STA 1+300.00,-0.955278,116.72134
STA 1+300.50,-0.955282,116.721339
STA 1+301.00,-0.955286,116.721337
STA 1+301.50,-0.95529,116.721336
STA 1+302.00,-0.955295,116.721334
STA 1+302.50,-0.955299,116.721332
STA 1+303.00,-0.955303,116.721331
STA 1+303.50,-0.955307,116.721329
STA 1+304.00,-0.955311,116.721327
STA 1+304.50,-0.955316,116.721326
STA 1+305.00,-0.95532,116.721324
STA 1+305.50,-0.955324,116.721323
STA 1+306.00,-0.955328,116.721321
STA 1+306.50,-0.955332,116.721319
STA 1+307.00,-0.955337,116.721318
STA 1+307.50,-0.955341,116.721316
STA 1+308.00,-0.955345,116.721315
STA 1+308.50,-0.955349,116.721313
STA 1+309.00,-0.955353,116.721311
STA 1+309.50,-0.955358,116.72131
STA 1+310.00,-0.955362,116.721308
STA 1+310.50,-0.955366,116.721307
STA 1+311.00,-0.95537,116.721305
STA 1+311.50,-0.955374,116.721303
STA 1+312.00,-0.955379,116.721302
STA 1+312.50,-0.955383,116.7213
STA 1+313.00,-0.955387,116.721298
STA 1+313.50,-0.955391,116.721297
STA 1+314.00,-0.955395,116.721295
STA 1+314.50,-0.955399,116.721293
STA 1+315.00,-0.955404,116.721292
STA 1+315.50,-0.955408,116.72129
STA 1+316.00,-0.955412,116.721288
STA 1+316.50,-0.955416,116.721287
STA 1+317.00,-0.95542,116.721285
STA 1+317.50,-0.955424,116.721283
STA 1+318.00,-0.955429,116.721282
STA 1+318.50,-0.955433,116.72128
STA 1+319.00,-0.955437,116.721279
STA 1+319.50,-0.955441,116.721277
STA 1+320.00,-0.955445,116.721275
STA 1+320.50,-0.95545,116.721274
STA 1+321.00,-0.955454,116.721272
STA 1+321.50,-0.955458,116.721271
STA 1+322.00,-0.955462,116.721269
STA 1+322.50,-0.955467,116.721268
STA 1+323.00,-0.955471,116.721266
STA 1+323.50,-0.955475,116.721265
STA 1+324.00,-0.955479,116.721264
STA 1+324.50,-0.955484,116.721262
STA 1+325.00,-0.955488,116.721261
STA 1+325.50,-0.955492,116.72126
STA 1+326.00,-0.955497,116.721258
STA 1+326.50,-0.955501,116.721257
STA 1+327.00,-0.955505,116.721255
STA 1+327.50,-0.955509,116.721254
STA 1+328.00,-0.955514,116.721253
STA 1+328.50,-0.955518,116.721252
STA 1+329.00,-0.955522,116.72125
STA 1+329.50,-0.955527,116.721249
STA 1+330.00,-0.955531,116.721248
STA 1+330.50,-0.955535,116.721246
STA 1+331.00,-0.95554,116.721245
STA 1+331.50,-0.955544,116.721244
STA 1+332.00,-0.955548,116.721243
STA 1+332.50,-0.955553,116.721241
STA 1+333.00,-0.955557,116.72124
STA 1+333.50,-0.955561,116.721239
STA 1+334.00,-0.955566,116.721238
STA 1+334.50,-0.95557,116.721237
STA 1+335.00,-0.955574,116.721235
STA 1+335.50,-0.955579,116.721234
STA 1+336.00,-0.955583,116.721233
STA 1+336.50,-0.955587,116.721232
STA 1+337.00,-0.955592,116.72123
STA 1+337.50,-0.955596,116.721229
STA 1+338.00,-0.9556,116.721228
STA 1+338.50,-0.955605,116.721227
STA 1+339.00,-0.955609,116.721226
STA 1+339.50,-0.955613,116.721224
STA 1+340.00,-0.955618,116.721223
STA 1+340.50,-0.955622,116.721222
STA 1+341.00,-0.955626,116.721221
STA 1+341.50,-0.955631,116.72122
STA 1+342.00,-0.955635,116.721218
STA 1+342.50,-0.955639,116.721217
STA 1+343.00,-0.955644,116.721216
STA 1+343.50,-0.955648,116.721215
STA 1+344.00,-0.955652,116.721214
STA 1+344.50,-0.955657,116.721212
STA 1+345.00,-0.955661,116.721211
STA 1+345.50,-0.955665,116.72121
STA 1+346.00,-0.95567,116.721209
STA 1+346.50,-0.955674,116.721208
STA 1+347.00,-0.955678,116.721207
STA 1+347.50,-0.955683,116.721206
STA 1+348.00,-0.955687,116.721204
STA 1+348.50,-0.955691,116.721203
STA 1+349.00,-0.955696,116.721202
STA 1+349.50,-0.9557,116.721201
STA 1+350.00,-0.955704,116.7212
STA 1+350.50,-0.955709,116.721199
STA 1+351.00,-0.955713,116.721198
STA 1+351.50,-0.955717,116.721197
STA 1+352.00,-0.955722,116.721195
STA 1+352.50,-0.955726,116.721194
STA 1+353.00,-0.95573,116.721193
STA 1+353.50,-0.955735,116.721192
STA 1+354.00,-0.955739,116.721191
STA 1+354.50,-0.955743,116.72119
STA 1+355.00,-0.955748,116.721188
STA 1+355.50,-0.955752,116.721187
STA 1+356.00,-0.955756,116.721186
STA 1+356.50,-0.955761,116.721185
STA 1+357.00,-0.955765,116.721184
STA 1+357.50,-0.95577,116.721183
STA 1+358.00,-0.955774,116.721182
STA 1+358.50,-0.955778,116.721181
STA 1+359.00,-0.955783,116.72118
STA 1+359.50,-0.955787,116.721179
STA 1+360.00,-0.955792,116.721178
STA 1+360.50,-0.955796,116.721177
STA 1+361.00,-0.9558,116.721176
STA 1+361.50,-0.955805,116.721175
STA 1+362.00,-0.955809,116.721174
STA 1+362.50,-0.955814,116.721173
STA 1+363.00,-0.955818,116.721172
STA 1+363.50,-0.955822,116.721171
STA 1+364.00,-0.955827,116.72117
STA 1+364.50,-0.955831,116.721169
STA 1+365.00,-0.955836,116.721169
STA 1+365.50,-0.95584,116.721168
STA 1+366.00,-0.955844,116.721167
STA 1+366.50,-0.955849,116.721166
STA 1+367.00,-0.955853,116.721165
STA 1+367.50,-0.955858,116.721164
STA 1+368.00,-0.955862,116.721163
STA 1+368.50,-0.955866,116.721163
STA 1+369.00,-0.955871,116.721162
STA 1+369.50,-0.955875,116.721161
STA 1+370.00,-0.95588,116.72116
STA 1+370.50,-0.955884,116.721159
STA 1+371.00,-0.955889,116.721159
STA 1+371.50,-0.955893,116.721158
STA 1+372.00,-0.955897,116.721157
STA 1+372.50,-0.955902,116.721156
STA 1+373.00,-0.955906,116.721156
STA 1+373.50,-0.955911,116.721155
STA 1+374.00,-0.955915,116.721154
STA 1+374.50,-0.95592,116.721154
STA 1+375.00,-0.955924,116.721153
STA 1+375.50,-0.955929,116.721152
STA 1+376.00,-0.955933,116.721151
STA 1+376.50,-0.955937,116.721151
STA 1+377.00,-0.955942,116.72115
STA 1+377.50,-0.955946,116.721149
STA 1+378.00,-0.955951,116.721149
STA 1+378.50,-0.955955,116.721148
STA 1+379.00,-0.95596,116.721147
STA 1+379.50,-0.955964,116.721147
STA 1+380.00,-0.955969,116.721146
STA 1+380.50,-0.955973,116.721145
STA 1+381.00,-0.955977,116.721145
STA 1+381.50,-0.955982,116.721144
STA 1+382.00,-0.955986,116.721143
STA 1+382.50,-0.955991,116.721143
STA 1+383.00,-0.955995,116.721142
STA 1+383.50,-0.956,116.721142
STA 1+384.00,-0.956004,116.721141
STA 1+384.50,-0.956009,116.721141
STA 1+385.00,-0.956013,116.72114
STA 1+385.50,-0.956018,116.72114
STA 1+386.00,-0.956022,116.721139
STA 1+386.50,-0.956027,116.721139
STA 1+387.00,-0.956031,116.721138
STA 1+387.50,-0.956035,116.721138
STA 1+388.00,-0.95604,116.721137
STA 1+388.50,-0.956044,116.721137
STA 1+389.00,-0.956049,116.721136
STA 1+389.50,-0.956053,116.721136
STA 1+390.00,-0.956058,116.721135
STA 1+390.50,-0.956062,116.721135
STA 1+391.00,-0.956067,116.721134
STA 1+391.50,-0.956071,116.721134
STA 1+392.00,-0.956076,116.721133
STA 1+392.50,-0.95608,116.721133
STA 1+393.00,-0.956085,116.721132
STA 1+393.50,-0.956089,116.721132
STA 1+394.00,-0.956094,116.721131
STA 1+394.50,-0.956098,116.721131
STA 1+395.00,-0.956102,116.72113
STA 1+395.50,-0.956107,116.72113
STA 1+396.00,-0.956111,116.721129
STA 1+396.50,-0.956116,116.721129
STA 1+397.00,-0.95612,116.721129
STA 1+397.50,-0.956125,116.721129
STA 1+398.00,-0.956129,116.721128
STA 1+398.50,-0.956134,116.721128
STA 1+399.00,-0.956138,116.721128
STA 1+399.50,-0.956143,116.721128
STA 1+400.00,-0.956147,116.721128
STA 1+400.50,-0.956152,116.721127
STA 1+401.00,-0.956156,116.721127
STA 1+401.50,-0.956161,116.721127
STA 1+402.00,-0.956165,116.721127
STA 1+402.50,-0.95617,116.721127
STA 1+403.00,-0.956174,116.721127
STA 1+403.50,-0.956179,116.721127
STA 1+404.00,-0.956183,116.721126
STA 1+404.50,-0.956188,116.721126
STA 1+405.00,-0.956192,116.721126
STA 1+405.50,-0.956197,116.721126
STA 1+406.00,-0.956201,116.721126
STA 1+406.50,-0.956206,116.721126
STA 1+407.00,-0.95621,116.721126
STA 1+407.50,-0.956215,116.721126
STA 1+408.00,-0.956219,116.721126
STA 1+408.50,-0.956224,116.721126
STA 1+409.00,-0.956228,116.721126
STA 1+409.50,-0.956233,116.721126
STA 1+410.00,-0.956237,116.721126
STA 1+410.50,-0.956242,116.721126
STA 1+411.00,-0.956246,116.721126
STA 1+411.50,-0.956251,116.721126
STA 1+412.00,-0.956255,116.721126
STA 1+412.50,-0.95626,116.721126
STA 1+413.00,-0.956264,116.721126
STA 1+413.50,-0.956269,116.721126
STA 1+414.00,-0.956273,116.721126
STA 1+414.50,-0.956278,116.721126
STA 1+415.00,-0.956282,116.721126
STA 1+415.50,-0.956287,116.721126
STA 1+416.00,-0.956291,116.721126
STA 1+416.50,-0.956296,116.721126
STA 1+417.00,-0.9563,116.721126
STA 1+417.50,-0.956305,116.721126
STA 1+418.00,-0.956309,116.721126
STA 1+418.50,-0.956314,116.721126
STA 1+419.00,-0.956318,116.721125
STA 1+419.50,-0.956323,116.721125
STA 1+420.00,-0.956327,116.721125
STA 1+420.50,-0.956332,116.721125
STA 1+421.00,-0.956336,116.721125
STA 1+421.50,-0.956341,116.721125
STA 1+422.00,-0.956345,116.721125
STA 1+422.50,-0.95635,116.721125
STA 1+423.00,-0.956354,116.721125
STA 1+423.50,-0.956359,116.721125
STA 1+424.00,-0.956363,116.721125
STA 1+424.50,-0.956368,116.721125
STA 1+425.00,-0.956372,116.721125
STA 1+425.50,-0.956377,116.721125
STA 1+426.00,-0.956381,116.721125
STA 1+426.50,-0.956386,116.721125
STA 1+427.00,-0.95639,116.721125
STA 1+427.50,-0.956395,116.721125
STA 1+428.00,-0.956399,116.721125
STA 1+428.50,-0.956404,116.721125
STA 1+429.00,-0.956408,116.721125
STA 1+429.50,-0.956413,116.721125
STA 1+430.00,-0.956417,116.721125
STA 1+430.50,-0.956422,116.721125
STA 1+431.00,-0.956426,116.721125
STA 1+431.50,-0.956431,116.721125
STA 1+432.00,-0.956435,116.721125
STA 1+432.50,-0.95644,116.721125
STA 1+433.00,-0.956444,116.721125
STA 1+433.50,-0.956449,116.721125
STA 1+434.00,-0.956453,116.721126
STA 1+434.50,-0.956458,116.721126
STA 1+435.00,-0.956462,116.721126
STA 1+435.50,-0.956467,116.721126
STA 1+436.00,-0.956471,116.721126
STA 1+436.50,-0.956476,116.721126
STA 1+437.00,-0.95648,116.721126
STA 1+437.50,-0.956485,116.721126
STA 1+438.00,-0.956489,116.721126
STA 1+438.50,-0.956494,116.721126
STA 1+439.00,-0.956498,116.721126
STA 1+439.50,-0.956503,116.721126
STA 1+440.00,-0.956507,116.721126
STA 1+440.50,-0.956512,116.721126
STA 1+441.00,-0.956516,116.721126
STA 1+441.50,-0.956521,116.721126
STA 1+442.00,-0.956525,116.721126
STA 1+442.50,-0.95653,116.721126
STA 1+443.00,-0.956534,116.721126
STA 1+443.50,-0.956539,116.721126
STA 1+444.00,-0.956543,116.721126
STA 1+444.50,-0.956548,116.721126
STA 1+445.00,-0.956552,116.721126
STA 1+445.50,-0.956556,116.721126
STA 1+446.00,-0.956561,116.721126
STA 1+446.50,-0.956565,116.721126
STA 1+447.00,-0.95657,116.721126
STA 1+447.50,-0.956574,116.721126
STA 1+448.00,-0.956579,116.721125
STA 1+448.50,-0.956583,116.721125
STA 1+449.00,-0.956588,116.721125
STA 1+449.50,-0.956592,116.721125
STA 1+450.00,-0.956597,116.721125
STA 1+450.50,-0.956601,116.721124
STA 1+451.00,-0.956606,116.721124
STA 1+451.50,-0.95661,116.721124
STA 1+452.00,-0.956615,116.721124
STA 1+452.50,-0.956619,116.721124
STA 1+453.00,-0.956624,116.721124
STA 1+453.50,-0.956628,116.721124
STA 1+454.00,-0.956633,116.721125
STA 1+454.50,-0.956637,116.721125
STA 1+455.00,-0.956642,116.721125
STA 1+455.50,-0.956646,116.721125
STA 1+456.00,-0.956651,116.721125
STA 1+456.50,-0.956655,116.721125
STA 1+457.00,-0.95666,116.721125
STA 1+457.50,-0.956664,116.721125
STA 1+458.00,-0.956669,116.721126
STA 1+458.50,-0.956673,116.721126
STA 1+459.00,-0.956678,116.721126
STA 1+459.50,-0.956682,116.721126
STA 1+460.00,-0.956687,116.721126
STA 1+460.50,-0.956691,116.721127
STA 1+461.00,-0.956696,116.721127
STA 1+461.50,-0.9567,116.721127
STA 1+462.00,-0.956705,116.721127
STA 1+462.50,-0.956709,116.721128
STA 1+463.00,-0.956714,116.721128
STA 1+463.50,-0.956718,116.721128
STA 1+464.00,-0.956723,116.721129
STA 1+464.50,-0.956727,116.721129
STA 1+465.00,-0.956732,116.721129
STA 1+465.50,-0.956736,116.721129
STA 1+466.00,-0.956741,116.72113
STA 1+466.50,-0.956745,116.72113
STA 1+467.00,-0.95675,116.72113
STA 1+467.50,-0.956754,116.72113
STA 1+468.00,-0.956759,116.721131
STA 1+468.50,-0.956763,116.721131
STA 1+469.00,-0.956768,116.721131
STA 1+469.50,-0.956772,116.721131
STA 1+470.00,-0.956777,116.721131
STA 1+470.50,-0.956781,116.721132
STA 1+471.00,-0.956786,116.721132
STA 1+471.50,-0.95679,116.721132
STA 1+472.00,-0.956795,116.721132
STA 1+472.50,-0.956799,116.721133
STA 1+473.00,-0.956804,116.721133
STA 1+473.50,-0.956808,116.721133
STA 1+474.00,-0.956813,116.721134
STA 1+474.50,-0.956817,116.721134
STA 1+475.00,-0.956821,116.721134
STA 1+475.50,-0.956826,116.721134
STA 1+476.00,-0.95683,116.721135
STA 1+476.50,-0.956835,116.721135
STA 1+477.00,-0.956839,116.721135
STA 1+477.50,-0.956844,116.721136
STA 1+478.00,-0.956848,116.721136
STA 1+478.50,-0.956853,116.721137
STA 1+479.00,-0.956857,116.721137
STA 1+479.50,-0.956862,116.721138
STA 1+480.00,-0.956866,116.721138
STA 1+480.50,-0.956871,116.721138
STA 1+481.00,-0.956875,116.721139
STA 1+481.50,-0.95688,116.721139
STA 1+482.00,-0.956884,116.721139
STA 1+482.50,-0.956889,116.72114
STA 1+483.00,-0.956893,116.72114
STA 1+483.50,-0.956898,116.72114
STA 1+484.00,-0.956902,116.721141
STA 1+484.50,-0.956907,116.721141
STA 1+485.00,-0.956911,116.721141
STA 1+485.50,-0.956916,116.721142
STA 1+486.00,-0.95692,116.721142
STA 1+486.50,-0.956925,116.721142
STA 1+487.00,-0.956929,116.721142
STA 1+487.50,-0.956934,116.721143
STA 1+488.00,-0.956938,116.721143
STA 1+488.50,-0.956943,116.721143
STA 1+489.00,-0.956947,116.721144
STA 1+489.50,-0.956952,116.721144
STA 1+490.00,-0.956956,116.721144
STA 1+490.50,-0.95696,116.721144
STA 1+491.00,-0.956965,116.721145
STA 1+491.50,-0.956969,116.721145
STA 1+492.00,-0.956974,116.721145
STA 1+492.50,-0.956978,116.721146
STA 1+493.00,-0.956983,116.721146
STA 1+493.50,-0.956987,116.721146
STA 1+494.00,-0.956992,116.721147
STA 1+494.50,-0.956996,116.721147
STA 1+495.00,-0.957001,116.721147
STA 1+495.50,-0.957005,116.721147
STA 1+496.00,-0.95701,116.721148
STA 1+496.50,-0.957014,116.721148
STA 1+497.00,-0.957019,116.721148
STA 1+497.50,-0.957023,116.721148
STA 1+498.00,-0.957028,116.721149
STA 1+498.50,-0.957032,116.721149
STA 1+499.00,-0.957037,116.721149
STA 1+499.50,-0.957041,116.721149
STA 1+500.00,-0.957046,116.721149
STA 1+500.50,-0.95705,116.72115
STA 1+501.00,-0.957055,116.72115
STA 1+501.50,-0.957059,116.72115
STA 1+502.00,-0.957064,116.72115
STA 1+502.50,-0.957068,116.72115
STA 1+503.00,-0.957073,116.72115
STA 1+503.50,-0.957077,116.72115
STA 1+504.00,-0.957082,116.721151
STA 1+504.50,-0.957086,116.721151
STA 1+505.00,-0.957091,116.721151
STA 1+505.50,-0.957095,116.721151
STA 1+506.00,-0.9571,116.721151
STA 1+506.50,-0.957104,116.721151
STA 1+507.00,-0.957109,116.721151
STA 1+507.50,-0.957113,116.721151
STA 1+508.00,-0.957118,116.721151
STA 1+508.50,-0.957122,116.721151
STA 1+509.00,-0.957127,116.72115
STA 1+509.50,-0.957131,116.72115
STA 1+510.00,-0.957136,116.72115
STA 1+510.50,-0.95714,116.72115
STA 1+511.00,-0.957145,116.72115
STA 1+511.50,-0.957149,116.72115
STA 1+512.00,-0.957154,116.72115
STA 1+512.50,-0.957158,116.72115
STA 1+513.00,-0.957163,116.72115
STA 1+513.50,-0.957167,116.72115
STA 1+514.00,-0.957172,116.721149
STA 1+514.50,-0.957176,116.721149
STA 1+515.00,-0.957181,116.721149
STA 1+515.50,-0.957185,116.721149
STA 1+516.00,-0.95719,116.721149
STA 1+516.50,-0.957194,116.721149
STA 1+517.00,-0.957199,116.721149
STA 1+517.50,-0.957203,116.721149
STA 1+518.00,-0.957208,116.721149
STA 1+518.50,-0.957212,116.721149
STA 1+519.00,-0.957217,116.72115
STA 1+519.50,-0.957221,116.72115
STA 1+520.00,-0.957226,116.72115
STA 1+520.50,-0.95723,116.72115
STA 1+521.00,-0.957235,116.72115
STA 1+521.50,-0.957239,116.72115
STA 1+522.00,-0.957244,116.72115
STA 1+522.50,-0.957248,116.72115
STA 1+523.00,-0.957253,116.72115
STA 1+523.50,-0.957257,116.72115
STA 1+524.00,-0.957262,116.721151
STA 1+524.50,-0.957266,116.721151
STA 1+525.00,-0.957271,116.721151
STA 1+525.50,-0.957275,116.721151
STA 1+526.00,-0.95728,116.721151
STA 1+526.50,-0.957284,116.721151
STA 1+527.00,-0.957289,116.721151
STA 1+527.50,-0.957293,116.721151
STA 1+528.00,-0.957297,116.721152
STA 1+528.50,-0.957302,116.721152
STA 1+529.00,-0.957306,116.721152
STA 1+529.50,-0.957311,116.721152
STA 1+530.00,-0.957315,116.721152
STA 1+530.50,-0.95732,116.721153
STA 1+531.00,-0.957324,116.721153
STA 1+531.50,-0.957329,116.721153
STA 1+532.00,-0.957333,116.721153
STA 1+532.50,-0.957338,116.721153
STA 1+533.00,-0.957342,116.721153
STA 1+533.50,-0.957347,116.721153
STA 1+534.00,-0.957351,116.721153
STA 1+534.50,-0.957356,116.721153
STA 1+535.00,-0.95736,116.721153
STA 1+535.50,-0.957365,116.721153
STA 1+536.00,-0.957369,116.721153
STA 1+536.50,-0.957374,116.721153
STA 1+537.00,-0.957378,116.721153
STA 1+537.50,-0.957383,116.721153
STA 1+538.00,-0.957387,116.721154
STA 1+538.50,-0.957392,116.721154
STA 1+539.00,-0.957396,116.721154
STA 1+539.50,-0.957401,116.721154
STA 1+540.00,-0.957405,116.721154
STA 1+540.50,-0.95741,116.721155
STA 1+541.00,-0.957414,116.721155
STA 1+541.50,-0.957419,116.721155
STA 1+542.00,-0.957423,116.721155
STA 1+542.50,-0.957428,116.721156
STA 1+543.00,-0.957432,116.721156
STA 1+543.50,-0.957437,116.721156
STA 1+544.00,-0.957441,116.721157
STA 1+544.50,-0.957446,116.721157
STA 1+545.00,-0.95745,116.721157
STA 1+545.50,-0.957455,116.721158
STA 1+546.00,-0.957459,116.721158
STA 1+546.50,-0.957464,116.721158
STA 1+547.00,-0.957468,116.721158
STA 1+547.50,-0.957473,116.721158
STA 1+548.00,-0.957477,116.721159
STA 1+548.50,-0.957482,116.721159
STA 1+549.00,-0.957486,116.721159
STA 1+549.50,-0.957491,116.721159
STA 1+550.00,-0.957495,116.721159
STA 1+550.50,-0.9575,116.72116
STA 1+551.00,-0.957504,116.72116
STA 1+551.50,-0.957509,116.72116
STA 1+552.00,-0.957513,116.72116
STA 1+552.50,-0.957518,116.72116
STA 1+553.00,-0.957522,116.72116
STA 1+553.50,-0.957527,116.72116
STA 1+554.00,-0.957531,116.721161
STA 1+554.50,-0.957536,116.721161
STA 1+555.00,-0.95754,116.721161
STA 1+555.50,-0.957545,116.721161
STA 1+556.00,-0.957549,116.721161
STA 1+556.50,-0.957554,116.721161
STA 1+557.00,-0.957558,116.721161
STA 1+557.50,-0.957563,116.721161
STA 1+558.00,-0.957567,116.721161
STA 1+558.50,-0.957572,116.721161
STA 1+559.00,-0.957576,116.72116
STA 1+559.50,-0.957581,116.72116
STA 1+560.00,-0.957585,116.72116
STA 1+560.50,-0.95759,116.72116
STA 1+561.00,-0.957594,116.72116
STA 1+561.50,-0.957599,116.72116
STA 1+562.00,-0.957603,116.72116
STA 1+562.50,-0.957607,116.721159
STA 1+563.00,-0.957612,116.721159
STA 1+563.50,-0.957616,116.721159
STA 1+564.00,-0.957621,116.721158
STA 1+564.50,-0.957625,116.721158
STA 1+565.00,-0.95763,116.721158
STA 1+565.50,-0.957634,116.721158
STA 1+566.00,-0.957639,116.721157
STA 1+566.50,-0.957643,116.721157
STA 1+567.00,-0.957648,116.721156
STA 1+567.50,-0.957652,116.721156
STA 1+568.00,-0.957657,116.721155
STA 1+568.50,-0.957661,116.721154
STA 1+569.00,-0.957666,116.721154
STA 1+569.50,-0.95767,116.721153
STA 1+570.00,-0.957675,116.721153
STA 1+570.50,-0.957679,116.721152
STA 1+571.00,-0.957683,116.721151
STA 1+571.50,-0.957688,116.721151
STA 1+572.00,-0.957692,116.72115
STA 1+572.50,-0.957697,116.72115
STA 1+573.00,-0.957701,116.721149
STA 1+573.50,-0.957706,116.721148
STA 1+574.00,-0.95771,116.721148
STA 1+574.50,-0.957715,116.721147
STA 1+575.00,-0.957719,116.721147
STA 1+575.50,-0.957724,116.721146
STA 1+576.00,-0.957728,116.721145
STA 1+576.50,-0.957733,116.721145
STA 1+577.00,-0.957737,116.721144
STA 1+577.50,-0.957741,116.721144
STA 1+578.00,-0.957746,116.721143
STA 1+578.50,-0.95775,116.721142
STA 1+579.00,-0.957755,116.721142
STA 1+579.50,-0.957759,116.721141
STA 1+580.00,-0.957764,116.721141
STA 1+580.50,-0.957768,116.72114
STA 1+581.00,-0.957773,116.721139
STA 1+581.50,-0.957777,116.721139
STA 1+582.00,-0.957782,116.721138
STA 1+582.50,-0.957786,116.721138
STA 1+583.00,-0.95779,116.721137
STA 1+583.50,-0.957795,116.721136
STA 1+584.00,-0.957799,116.721136
STA 1+584.50,-0.957804,116.721135
STA 1+585.00,-0.957808,116.721135
STA 1+585.50,-0.957813,116.721134
STA 1+586.00,-0.957817,116.721133
STA 1+586.50,-0.957822,116.721133
STA 1+587.00,-0.957826,116.721132
STA 1+587.50,-0.957831,116.721131
STA 1+588.00,-0.957835,116.721131
STA 1+588.50,-0.957839,116.72113
STA 1+589.00,-0.957844,116.721129
STA 1+589.50,-0.957848,116.721129
STA 1+590.00,-0.957853,116.721128
STA 1+590.50,-0.957857,116.721127
STA 1+591.00,-0.957862,116.721127
STA 1+591.50,-0.957866,116.721126
STA 1+592.00,-0.95787,116.721125
STA 1+592.50,-0.957875,116.721124
STA 1+593.00,-0.957879,116.721123
STA 1+593.50,-0.957884,116.721123
STA 1+594.00,-0.957888,116.721122
STA 1+594.50,-0.957893,116.721121
STA 1+595.00,-0.957897,116.72112
STA 1+595.50,-0.957901,116.721119
STA 1+596.00,-0.957906,116.721119
STA 1+596.50,-0.95791,116.721118
STA 1+597.00,-0.957915,116.721117
STA 1+597.50,-0.957919,116.721116
STA 1+598.00,-0.957924,116.721116
STA 1+598.50,-0.957928,116.721115
STA 1+599.00,-0.957933,116.721114
STA 1+599.50,-0.957937,116.721114
STA 1+600.00,-0.957941,116.721113
STA 1+600.50,-0.957946,116.721112
STA 1+601.00,-0.95795,116.721111
STA 1+601.50,-0.957955,116.721111
STA 1+602.00,-0.957959,116.72111
STA 1+602.50,-0.957964,116.721109
STA 1+603.00,-0.957968,116.721108
STA 1+603.50,-0.957972,116.721107
STA 1+604.00,-0.957977,116.721106
STA 1+604.50,-0.957981,116.721105
STA 1+605.00,-0.957986,116.721104
STA 1+605.50,-0.95799,116.721104
STA 1+606.00,-0.957994,116.721103
STA 1+606.50,-0.957999,116.721102
STA 1+607.00,-0.958003,116.721101
STA 1+607.50,-0.958008,116.7211
STA 1+608.00,-0.958012,116.721099
STA 1+608.50,-0.958016,116.721098
STA 1+609.00,-0.958021,116.721097
STA 1+609.50,-0.958025,116.721096
STA 1+610.00,-0.95803,116.721096
STA 1+610.50,-0.958034,116.721095
STA 1+611.00,-0.958038,116.721094
STA 1+611.50,-0.958043,116.721093
STA 1+612.00,-0.958047,116.721092
STA 1+612.50,-0.958052,116.721091
STA 1+613.00,-0.958056,116.721089
STA 1+613.50,-0.95806,116.721088
STA 1+614.00,-0.958065,116.721087
STA 1+614.50,-0.958069,116.721086
STA 1+615.00,-0.958073,116.721085
STA 1+615.50,-0.958078,116.721084
STA 1+616.00,-0.958082,116.721083
STA 1+616.50,-0.958086,116.721082
STA 1+617.00,-0.958091,116.72108
STA 1+617.50,-0.958095,116.721079
STA 1+618.00,-0.958099,116.721078
STA 1+618.50,-0.958104,116.721077
STA 1+619.00,-0.958108,116.721076
STA 1+619.50,-0.958112,116.721074
STA 1+620.00,-0.958117,116.721073
STA 1+620.50,-0.958121,116.721072
STA 1+621.00,-0.958125,116.721071
STA 1+621.50,-0.95813,116.721069
STA 1+622.00,-0.958134,116.721068
STA 1+622.50,-0.958138,116.721067
STA 1+623.00,-0.958143,116.721066
STA 1+623.50,-0.958147,116.721064
STA 1+624.00,-0.958151,116.721063
STA 1+624.50,-0.958156,116.721062
STA 1+625.00,-0.95816,116.72106
STA 1+625.50,-0.958164,116.721059
STA 1+626.00,-0.958168,116.721058
STA 1+626.50,-0.958173,116.721056
STA 1+627.00,-0.958177,116.721055
STA 1+627.50,-0.958181,116.721054
STA 1+628.00,-0.958186,116.721052
STA 1+628.50,-0.95819,116.721051
STA 1+629.00,-0.958194,116.721049
STA 1+629.50,-0.958198,116.721048
STA 1+630.00,-0.958203,116.721047
STA 1+630.50,-0.958207,116.721045
STA 1+631.00,-0.958211,116.721044
STA 1+631.50,-0.958215,116.721042
STA 1+632.00,-0.95822,116.721041
STA 1+632.50,-0.958224,116.72104
STA 1+633.00,-0.958228,116.721038
STA 1+633.50,-0.958232,116.721037
STA 1+634.00,-0.958237,116.721035
STA 1+634.50,-0.958241,116.721034
STA 1+635.00,-0.958245,116.721032
STA 1+635.50,-0.958249,116.721031
STA 1+636.00,-0.958254,116.721029
STA 1+636.50,-0.958258,116.721028
STA 1+637.00,-0.958262,116.721026
STA 1+637.50,-0.958266,116.721024
STA 1+638.00,-0.958271,116.721023
STA 1+638.50,-0.958275,116.721021
STA 1+639.00,-0.958279,116.72102
STA 1+639.50,-0.958283,116.721018
STA 1+640.00,-0.958287,116.721016
STA 1+640.50,-0.958292,116.721015
STA 1+641.00,-0.958296,116.721013
STA 1+641.50,-0.9583,116.721012
STA 1+642.00,-0.958304,116.72101
STA 1+642.50,-0.958308,116.721008
STA 1+643.00,-0.958313,116.721007
STA 1+643.50,-0.958317,116.721005
STA 1+644.00,-0.958321,116.721004
STA 1+644.50,-0.958325,116.721002
STA 1+645.00,-0.958329,116.721
STA 1+645.50,-0.958334,116.720999
STA 1+646.00,-0.958338,116.720997
STA 1+646.50,-0.958342,116.720996
STA 1+647.00,-0.958346,116.720994
STA 1+647.50,-0.95835,116.720992
STA 1+648.00,-0.958355,116.720991
STA 1+648.50,-0.958359,116.720989
STA 1+649.00,-0.958363,116.720988
STA 1+649.50,-0.958367,116.720986
STA 1+650.00,-0.958371,116.720984
STA 1+650.50,-0.958376,116.720983
STA 1+651.00,-0.95838,116.720981
STA 1+651.50,-0.958384,116.72098
STA 1+652.00,-0.958388,116.720978
STA 1+652.50,-0.958392,116.720976
STA 1+653.00,-0.958396,116.720974
STA 1+653.50,-0.958401,116.720973
STA 1+654.00,-0.958405,116.720971
STA 1+654.50,-0.958409,116.720969
STA 1+655.00,-0.958413,116.720968
STA 1+655.50,-0.958417,116.720966
STA 1+656.00,-0.958421,116.720964
STA 1+656.50,-0.958425,116.720962
STA 1+657.00,-0.95843,116.720961
STA 1+657.50,-0.958434,116.720959
STA 1+658.00,-0.958438,116.720957
STA 1+658.50,-0.958442,116.720955
STA 1+659.00,-0.958446,116.720954
STA 1+659.50,-0.95845,116.720952
STA 1+660.00,-0.958454,116.72095
STA 1+660.50,-0.958459,116.720948
STA 1+661.00,-0.958463,116.720946
STA 1+661.50,-0.958467,116.720945
STA 1+662.00,-0.958471,116.720943
STA 1+662.50,-0.958475,116.720941
STA 1+663.00,-0.958479,116.720939
STA 1+663.50,-0.958483,116.720937
STA 1+664.00,-0.958487,116.720936
STA 1+664.50,-0.958492,116.720934
STA 1+665.00,-0.958496,116.720932
STA 1+665.50,-0.9585,116.72093
STA 1+666.00,-0.958504,116.720928
STA 1+666.50,-0.958508,116.720927
STA 1+667.00,-0.958512,116.720925
STA 1+667.50,-0.958516,116.720923
STA 1+668.00,-0.95852,116.720921
STA 1+668.50,-0.958524,116.720919
STA 1+669.00,-0.958528,116.720917
STA 1+669.50,-0.958532,116.720915
STA 1+670.00,-0.958537,116.720913
STA 1+670.50,-0.958541,116.720911
STA 1+671.00,-0.958545,116.72091
STA 1+671.50,-0.958549,116.720908
STA 1+672.00,-0.958553,116.720906
STA 1+672.50,-0.958557,116.720904
STA 1+673.00,-0.958561,116.720902
STA 1+673.50,-0.958565,116.7209
STA 1+674.00,-0.958569,116.720899
STA 1+674.50,-0.958574,116.720897
STA 1+675.00,-0.958578,116.720895
STA 1+675.50,-0.958582,116.720893
STA 1+676.00,-0.958586,116.720891
STA 1+676.50,-0.95859,116.72089
STA 1+677.00,-0.958594,116.720888
STA 1+677.50,-0.958598,116.720886
STA 1+678.00,-0.958602,116.720884
STA 1+678.50,-0.958606,116.720882
STA 1+679.00,-0.95861,116.72088
STA 1+679.50,-0.958614,116.720878
STA 1+680.00,-0.958618,116.720876
STA 1+680.50,-0.958622,116.720874
STA 1+681.00,-0.958627,116.720872
STA 1+681.50,-0.958631,116.72087
STA 1+682.00,-0.958635,116.720868
STA 1+682.50,-0.958639,116.720866
STA 1+683.00,-0.958643,116.720865
STA 1+683.50,-0.958647,116.720863
STA 1+684.00,-0.958651,116.720861
STA 1+684.50,-0.958655,116.720859
STA 1+685.00,-0.958659,116.720857
STA 1+685.50,-0.958663,116.720855
STA 1+686.00,-0.958667,116.720853
STA 1+686.50,-0.958671,116.720851
STA 1+687.00,-0.958675,116.720849
STA 1+687.50,-0.95868,116.720848
STA 1+688.00,-0.958684,116.720846
STA 1+688.50,-0.958688,116.720844
STA 1+689.00,-0.958692,116.720842
STA 1+689.50,-0.958696,116.72084
STA 1+690.00,-0.9587,116.720838
STA 1+690.50,-0.958704,116.720836
STA 1+691.00,-0.958708,116.720834
STA 1+691.50,-0.958712,116.720832
STA 1+692.00,-0.958716,116.720831
STA 1+692.50,-0.95872,116.720829
STA 1+693.00,-0.958724,116.720827
STA 1+693.50,-0.958728,116.720825
STA 1+694.00,-0.958733,116.720823
STA 1+694.50,-0.958737,116.720821
STA 1+695.00,-0.958741,116.720819
STA 1+695.50,-0.958745,116.720817
STA 1+696.00,-0.958749,116.720815
STA 1+696.50,-0.958753,116.720814
STA 1+697.00,-0.958757,116.720812
STA 1+697.50,-0.958761,116.72081
STA 1+698.00,-0.958765,116.720808
STA 1+698.50,-0.958769,116.720806
STA 1+699.00,-0.958773,116.720804
STA 1+699.50,-0.958777,116.720802
STA 1+700.00,-0.958781,116.7208
STA 1+700.50,-0.958785,116.720798
STA 1+701.00,-0.95879,116.720796
STA 1+701.50,-0.958794,116.720794
STA 1+702.00,-0.958798,116.720792
STA 1+702.50,-0.958802,116.72079
STA 1+703.00,-0.958806,116.720789
STA 1+703.50,-0.95881,116.720787
STA 1+704.00,-0.958814,116.720785
STA 1+704.50,-0.958818,116.720783
STA 1+705.00,-0.958822,116.720781
STA 1+705.50,-0.958826,116.720779
STA 1+706.00,-0.95883,116.720777
STA 1+706.50,-0.958834,116.720775
STA 1+707.00,-0.958838,116.720773
STA 1+707.50,-0.958843,116.720772
STA 1+708.00,-0.958847,116.72077
STA 1+708.50,-0.958851,116.720768
STA 1+709.00,-0.958855,116.720766
STA 1+709.50,-0.958859,116.720764
STA 1+710.00,-0.958863,116.720762
STA 1+710.50,-0.958867,116.72076
STA 1+711.00,-0.958871,116.720758
STA 1+711.50,-0.958875,116.720757
STA 1+712.00,-0.958879,116.720755
STA 1+712.50,-0.958884,116.720753
STA 1+713.00,-0.958888,116.720751
STA 1+713.50,-0.958892,116.72075
STA 1+714.00,-0.958896,116.720748
STA 1+714.50,-0.9589,116.720746
STA 1+715.00,-0.958904,116.720745
STA 1+715.50,-0.958909,116.720743
STA 1+716.00,-0.958913,116.720741
STA 1+716.50,-0.958917,116.72074
STA 1+717.00,-0.958921,116.720738
STA 1+717.50,-0.958925,116.720736
STA 1+718.00,-0.958929,116.720734
STA 1+718.50,-0.958933,116.720732
STA 1+719.00,-0.958937,116.720731
STA 1+719.50,-0.958942,116.720729
STA 1+720.00,-0.958946,116.720727
STA 1+720.50,-0.95895,116.720725
STA 1+721.00,-0.958954,116.720723
STA 1+721.50,-0.958958,116.720722
STA 1+722.00,-0.958962,116.72072
STA 1+722.50,-0.958966,116.720718
STA 1+723.00,-0.958971,116.720717
STA 1+723.50,-0.958975,116.720715
STA 1+724.00,-0.958979,116.720714
STA 1+724.50,-0.958983,116.720712
STA 1+725.00,-0.958988,116.72071
STA 1+725.50,-0.958992,116.720709
STA 1+726.00,-0.958996,116.720707
STA 1+726.50,-0.959,116.720706
STA 1+727.00,-0.959004,116.720704
STA 1+727.50,-0.959009,116.720703
STA 1+728.00,-0.959013,116.720701
STA 1+728.50,-0.959017,116.7207
STA 1+729.00,-0.959021,116.720698
STA 1+729.50,-0.959026,116.720697
STA 1+730.00,-0.95903,116.720695
STA 1+730.50,-0.959034,116.720694
STA 1+731.00,-0.959038,116.720692
STA 1+731.50,-0.959042,116.72069
STA 1+732.00,-0.959047,116.720689
STA 1+732.50,-0.959051,116.720687
STA 1+733.00,-0.959055,116.720686
STA 1+733.50,-0.959059,116.720684
STA 1+734.00,-0.959063,116.720682
STA 1+734.50,-0.959068,116.720681
STA 1+735.00,-0.959072,116.720679
STA 1+735.50,-0.959076,116.720678
STA 1+736.00,-0.95908,116.720676
STA 1+736.50,-0.959085,116.720675
STA 1+737.00,-0.959089,116.720673
STA 1+737.50,-0.959093,116.720672
STA 1+738.00,-0.959097,116.72067
STA 1+738.50,-0.959102,116.720669
STA 1+739.00,-0.959106,116.720668
STA 1+739.50,-0.95911,116.720666
STA 1+740.00,-0.959114,116.720665
STA 1+740.50,-0.959119,116.720663
STA 1+741.00,-0.959123,116.720662
STA 1+741.50,-0.959127,116.720661
STA 1+742.00,-0.959131,116.720659
STA 1+742.50,-0.959136,116.720658
STA 1+743.00,-0.95914,116.720656
STA 1+743.50,-0.959144,116.720655
STA 1+744.00,-0.959148,116.720653
STA 1+744.50,-0.959153,116.720652
STA 1+745.00,-0.959157,116.72065
STA 1+745.50,-0.959161,116.720649
STA 1+746.00,-0.959165,116.720647
STA 1+746.50,-0.95917,116.720646
STA 1+747.00,-0.959174,116.720644
STA 1+747.50,-0.959178,116.720643
STA 1+748.00,-0.959183,116.720641
STA 1+748.50,-0.959187,116.72064
STA 1+749.00,-0.959191,116.720639
STA 1+749.50,-0.959195,116.720637
STA 1+750.00,-0.9592,116.720636
STA 1+750.50,-0.959204,116.720634
STA 1+751.00,-0.959208,116.720633
STA 1+751.50,-0.959212,116.720632
STA 1+752.00,-0.959217,116.72063
STA 1+752.50,-0.959221,116.720629
STA 1+753.00,-0.959225,116.720627
STA 1+753.50,-0.959229,116.720626
STA 1+754.00,-0.959234,116.720624
STA 1+754.50,-0.959238,116.720623
STA 1+755.00,-0.959242,116.720621
STA 1+755.50,-0.959246,116.72062
STA 1+756.00,-0.959251,116.720618
STA 1+756.50,-0.959255,116.720617
STA 1+757.00,-0.959259,116.720615
STA 1+757.50,-0.959263,116.720614
STA 1+758.00,-0.959268,116.720612
STA 1+758.50,-0.959272,116.720611
STA 1+759.00,-0.959276,116.72061
STA 1+759.50,-0.95928,116.720608
STA 1+760.00,-0.959285,116.720607
STA 1+760.50,-0.959289,116.720605
STA 1+761.00,-0.959293,116.720604
STA 1+761.50,-0.959297,116.720602
STA 1+762.00,-0.959302,116.720601
STA 1+762.50,-0.959306,116.720599
STA 1+763.00,-0.95931,116.720598
STA 1+763.50,-0.959314,116.720596
STA 1+764.00,-0.959318,116.720594
STA 1+764.50,-0.959323,116.720593
STA 1+765.00,-0.959327,116.720591
STA 1+765.50,-0.959331,116.72059
STA 1+766.00,-0.959335,116.720588
STA 1+766.50,-0.95934,116.720586
STA 1+767.00,-0.959344,116.720585
STA 1+767.50,-0.959348,116.720584
STA 1+768.00,-0.959352,116.720582
STA 1+768.50,-0.959356,116.720581
STA 1+769.00,-0.959361,116.720579
STA 1+769.50,-0.959365,116.720578
STA 1+770.00,-0.959369,116.720576
STA 1+770.50,-0.959373,116.720575
STA 1+771.00,-0.959378,116.720573
STA 1+771.50,-0.959382,116.720572
STA 1+772.00,-0.959386,116.72057
STA 1+772.50,-0.95939,116.720569
STA 1+773.00,-0.959395,116.720567
STA 1+773.50,-0.959399,116.720566
STA 1+774.00,-0.959403,116.720565
STA 1+774.50,-0.959408,116.720563
STA 1+775.00,-0.959412,116.720562
STA 1+775.50,-0.959416,116.72056
STA 1+776.00,-0.95942,116.720559
STA 1+776.50,-0.959425,116.720557
STA 1+777.00,-0.959429,116.720556
STA 1+777.50,-0.959433,116.720555
STA 1+778.00,-0.959437,116.720553
STA 1+778.50,-0.959442,116.720552
STA 1+779.00,-0.959446,116.720551
STA 1+779.50,-0.95945,116.720549
STA 1+780.00,-0.959455,116.720548
STA 1+780.50,-0.959459,116.720546
STA 1+781.00,-0.959463,116.720545
STA 1+781.50,-0.959467,116.720544
STA 1+782.00,-0.959472,116.720542
STA 1+782.50,-0.959476,116.720541
STA 1+783.00,-0.95948,116.72054
STA 1+783.50,-0.959485,116.720538
STA 1+784.00,-0.959489,116.720537
STA 1+784.50,-0.959493,116.720536
STA 1+785.00,-0.959498,116.720534
STA 1+785.50,-0.959502,116.720533
STA 1+786.00,-0.959506,116.720532
STA 1+786.50,-0.95951,116.720531
STA 1+787.00,-0.959515,116.720529
STA 1+787.50,-0.959519,116.720528
STA 1+788.00,-0.959523,116.720527
STA 1+788.50,-0.959528,116.720525
STA 1+789.00,-0.959532,116.720524
STA 1+789.50,-0.959536,116.720523
STA 1+790.00,-0.959541,116.720521
STA 1+790.50,-0.959545,116.72052
STA 1+791.00,-0.959549,116.720519
STA 1+791.50,-0.959553,116.720518
STA 1+792.00,-0.959558,116.720516
STA 1+792.50,-0.959562,116.720515
STA 1+793.00,-0.959567,116.720514
STA 1+793.50,-0.959571,116.720513
STA 1+794.00,-0.959575,116.720512
STA 1+794.50,-0.95958,116.72051
STA 1+795.00,-0.959584,116.720509
STA 1+795.50,-0.959588,116.720508
STA 1+796.00,-0.959593,116.720507
STA 1+796.50,-0.959597,116.720506
STA 1+797.00,-0.959601,116.720505
STA 1+797.50,-0.959606,116.720504
STA 1+798.00,-0.95961,116.720502
STA 1+798.50,-0.959614,116.720501
STA 1+799.00,-0.959619,116.7205
STA 1+799.50,-0.959623,116.720499
STA 1+800.00,-0.959627,116.720498
STA 1+800.50,-0.959632,116.720497
STA 1+801.00,-0.959636,116.720496
STA 1+801.50,-0.95964,116.720495
STA 1+802.00,-0.959645,116.720494
STA 1+802.50,-0.959649,116.720492
STA 1+803.00,-0.959654,116.720491
STA 1+803.50,-0.959658,116.72049
STA 1+804.00,-0.959662,116.720489
STA 1+804.50,-0.959667,116.720488
STA 1+805.00,-0.959671,116.720487
STA 1+805.50,-0.959675,116.720486
STA 1+806.00,-0.95968,116.720485
STA 1+806.50,-0.959684,116.720484
STA 1+807.00,-0.959688,116.720483
STA 1+807.50,-0.959693,116.720482
STA 1+808.00,-0.959697,116.720481
STA 1+808.50,-0.959702,116.72048
STA 1+809.00,-0.959706,116.720479
STA 1+809.50,-0.959711,116.720478
STA 1+810.00,-0.959715,116.720477
STA 1+810.50,-0.959719,116.720477
STA 1+811.00,-0.959724,116.720476
STA 1+811.50,-0.959728,116.720475
STA 1+812.00,-0.959733,116.720474
STA 1+812.50,-0.959737,116.720473
STA 1+813.00,-0.959741,116.720472
STA 1+813.50,-0.959746,116.720472
STA 1+814.00,-0.95975,116.720471
STA 1+814.50,-0.959755,116.72047
STA 1+815.00,-0.959759,116.720469
STA 1+815.50,-0.959764,116.720468
STA 1+816.00,-0.959768,116.720468
STA 1+816.50,-0.959772,116.720467
STA 1+817.00,-0.959777,116.720466
STA 1+817.50,-0.959781,116.720465
STA 1+818.00,-0.959786,116.720465
STA 1+818.50,-0.95979,116.720464
STA 1+819.00,-0.959795,116.720463
STA 1+819.50,-0.959799,116.720463
STA 1+820.00,-0.959803,116.720462
STA 1+820.50,-0.959808,116.720461
STA 1+821.00,-0.959812,116.72046
STA 1+821.50,-0.959817,116.72046
STA 1+822.00,-0.959821,116.720459
STA 1+822.50,-0.959826,116.720459
STA 1+823.00,-0.95983,116.720458
STA 1+823.50,-0.959835,116.720457
STA 1+824.00,-0.959839,116.720457
STA 1+824.50,-0.959844,116.720456
STA 1+825.00,-0.959848,116.720456
STA 1+825.50,-0.959852,116.720455
STA 1+826.00,-0.959857,116.720454
STA 1+826.50,-0.959861,116.720454
STA 1+827.00,-0.959866,116.720453
STA 1+827.50,-0.95987,116.720453
STA 1+828.00,-0.959875,116.720452
STA 1+828.50,-0.959879,116.720452
STA 1+829.00,-0.959884,116.720451
STA 1+829.50,-0.959888,116.720451
STA 1+830.00,-0.959893,116.72045
STA 1+830.50,-0.959897,116.72045
STA 1+831.00,-0.959902,116.720449
STA 1+831.50,-0.959906,116.720449
STA 1+832.00,-0.959911,116.720448
STA 1+832.50,-0.959915,116.720448
STA 1+833.00,-0.959919,116.720447
STA 1+833.50,-0.959924,116.720446
STA 1+834.00,-0.959928,116.720446
STA 1+834.50,-0.959933,116.720445
STA 1+835.00,-0.959937,116.720445
STA 1+835.50,-0.959942,116.720444
STA 1+836.00,-0.959946,116.720443
STA 1+836.50,-0.959951,116.720443
STA 1+837.00,-0.959955,116.720442
STA 1+837.50,-0.95996,116.720442
STA 1+838.00,-0.959964,116.720441
STA 1+838.50,-0.959968,116.72044
STA 1+839.00,-0.959973,116.72044
STA 1+839.50,-0.959977,116.720439
STA 1+840.00,-0.959982,116.720439
STA 1+840.50,-0.959986,116.720438
STA 1+841.00,-0.959991,116.720437
STA 1+841.50,-0.959995,116.720437
STA 1+842.00,-0.96,116.720436
STA 1+842.50,-0.960004,116.720436
STA 1+843.00,-0.960009,116.720435
STA 1+843.50,-0.960013,116.720435
STA 1+844.00,-0.960018,116.720434
STA 1+844.50,-0.960022,116.720434
STA 1+845.00,-0.960026,116.720433
STA 1+845.50,-0.960031,116.720433
STA 1+846.00,-0.960035,116.720432
STA 1+846.50,-0.96004,116.720432
STA 1+847.00,-0.960044,116.720431
STA 1+847.50,-0.960049,116.720431
STA 1+848.00,-0.960053,116.72043
STA 1+848.50,-0.960058,116.72043
STA 1+849.00,-0.960062,116.720429
STA 1+849.50,-0.960067,116.720429
STA 1+850.00,-0.960071,116.720428
STA 1+850.50,-0.960076,116.720428
STA 1+851.00,-0.96008,116.720427
STA 1+851.50,-0.960085,116.720427
STA 1+852.00,-0.960089,116.720426
STA 1+852.50,-0.960094,116.720426
STA 1+853.00,-0.960098,116.720426
STA 1+853.50,-0.960102,116.720425
STA 1+854.00,-0.960107,116.720425
STA 1+854.50,-0.960111,116.720424
STA 1+855.00,-0.960116,116.720424
STA 1+855.50,-0.96012,116.720424
STA 1+856.00,-0.960125,116.720423
STA 1+856.50,-0.960129,116.720423
STA 1+857.00,-0.960134,116.720422
STA 1+857.50,-0.960138,116.720422
STA 1+858.00,-0.960143,116.720422
STA 1+858.50,-0.960147,116.720421
STA 1+859.00,-0.960152,116.720421
STA 1+859.50,-0.960156,116.72042
STA 1+860.00,-0.960161,116.72042
STA 1+860.50,-0.960165,116.72042
STA 1+861.00,-0.96017,116.720419
STA 1+861.50,-0.960174,116.720419
STA 1+862.00,-0.960179,116.720419
STA 1+862.50,-0.960183,116.720418
STA 1+863.00,-0.960188,116.720418
STA 1+863.50,-0.960192,116.720418
STA 1+864.00,-0.960197,116.720417
STA 1+864.50,-0.960201,116.720417
STA 1+865.00,-0.960206,116.720417
STA 1+865.50,-0.96021,116.720417
STA 1+866.00,-0.960215,116.720416
STA 1+866.50,-0.960219,116.720416
STA 1+867.00,-0.960223,116.720415
STA 1+867.50,-0.960228,116.720415
STA 1+868.00,-0.960232,116.720414
STA 1+868.50,-0.960237,116.720413
STA 1+869.00,-0.960241,116.720413
STA 1+869.50,-0.960246,116.720412
STA 1+870.00,-0.96025,116.720412
STA 1+870.50,-0.960255,116.720411
STA 1+871.00,-0.960259,116.72041
STA 1+871.50,-0.960264,116.72041
STA 1+872.00,-0.960268,116.720409
STA 1+872.50,-0.960272,116.720409
STA 1+873.00,-0.960277,116.720408
STA 1+873.50,-0.960281,116.720407
STA 1+874.00,-0.960286,116.720407
STA 1+874.50,-0.96029,116.720406
STA 1+875.00,-0.960295,116.720406
STA 1+875.50,-0.960299,116.720405
STA 1+876.00,-0.960304,116.720404
STA 1+876.50,-0.960308,116.720404
STA 1+877.00,-0.960313,116.720403
STA 1+877.50,-0.960317,116.720403
STA 1+878.00,-0.960322,116.720402
STA 1+878.50,-0.960326,116.720402
STA 1+879.00,-0.96033,116.720401
STA 1+879.50,-0.960335,116.720401
STA 1+880.00,-0.960339,116.7204
STA 1+880.50,-0.960344,116.7204
STA 1+881.00,-0.960348,116.720399
STA 1+881.50,-0.960353,116.720399
STA 1+882.00,-0.960357,116.720398
STA 1+882.50,-0.960362,116.720398
STA 1+883.00,-0.960366,116.720397
STA 1+883.50,-0.960371,116.720396
STA 1+884.00,-0.960375,116.720396
STA 1+884.50,-0.96038,116.720395
STA 1+885.00,-0.960384,116.720395
STA 1+885.50,-0.960388,116.720394
STA 1+886.00,-0.960393,116.720393
STA 1+886.50,-0.960397,116.720393
STA 1+887.00,-0.960402,116.720392
STA 1+887.50,-0.960406,116.720392
STA 1+888.00,-0.960411,116.720391
STA 1+888.50,-0.960415,116.720391
STA 1+889.00,-0.96042,116.72039
STA 1+889.50,-0.960424,116.72039
STA 1+890.00,-0.960429,116.720389
STA 1+890.50,-0.960433,116.720389
STA 1+891.00,-0.960438,116.720388
STA 1+891.50,-0.960442,116.720388
STA 1+892.00,-0.960447,116.720387
STA 1+892.50,-0.960451,116.720387
STA 1+893.00,-0.960455,116.720386
STA 1+893.50,-0.96046,116.720386
STA 1+894.00,-0.960464,116.720385
STA 1+894.50,-0.960469,116.720385
STA 1+895.00,-0.960473,116.720384
STA 1+895.50,-0.960478,116.720384
STA 1+896.00,-0.960482,116.720383
STA 1+896.50,-0.960487,116.720383
STA 1+897.00,-0.960491,116.720383
STA 1+897.50,-0.960496,116.720383
STA 1+898.00,-0.9605,116.720383
STA 1+898.50,-0.960505,116.720383
STA 1+899.00,-0.960509,116.720382
STA 1+899.50,-0.960514,116.720382
STA 1+900.00,-0.960518,116.720382
STA 1+900.50,-0.960523,116.720382
STA 1+901.00,-0.960527,116.720382
STA 1+901.50,-0.960532,116.720382
STA 1+902.00,-0.960536,116.720382
STA 1+902.50,-0.960541,116.720382
STA 1+903.00,-0.960545,116.720381
STA 1+903.50,-0.96055,116.720381
STA 1+904.00,-0.960554,116.720381
STA 1+904.50,-0.960559,116.720381
STA 1+905.00,-0.960563,116.720381
STA 1+905.50,-0.960568,116.72038
STA 1+906.00,-0.960572,116.72038
STA 1+906.50,-0.960577,116.72038
STA 1+907.00,-0.960581,116.720379
STA 1+907.50,-0.960586,116.720379
STA 1+908.00,-0.96059,116.720378
STA 1+908.50,-0.960595,116.720378
STA 1+909.00,-0.960599,116.720377
STA 1+909.50,-0.960603,116.720377
STA 1+910.00,-0.960608,116.720376
STA 1+910.50,-0.960612,116.720376
STA 1+911.00,-0.960617,116.720375
STA 1+911.50,-0.960621,116.720375
STA 1+912.00,-0.960626,116.720374
STA 1+912.50,-0.96063,116.720374
STA 1+913.00,-0.960635,116.720373
STA 1+913.50,-0.960639,116.720373
STA 1+914.00,-0.960644,116.720372
STA 1+914.50,-0.960648,116.720372
STA 1+915.00,-0.960653,116.720371
STA 1+915.50,-0.960657,116.720371
STA 1+916.00,-0.960662,116.72037
STA 1+916.50,-0.960666,116.72037
STA 1+917.00,-0.96067,116.72037
STA 1+917.50,-0.960675,116.720369
STA 1+918.00,-0.960679,116.720369
STA 1+918.50,-0.960684,116.720368
STA 1+919.00,-0.960688,116.720368
STA 1+919.50,-0.960693,116.720367
STA 1+920.00,-0.960697,116.720367
STA 1+920.50,-0.960702,116.720367
STA 1+921.00,-0.960706,116.720366
STA 1+921.50,-0.960711,116.720366
STA 1+922.00,-0.960715,116.720366
STA 1+922.50,-0.96072,116.720365
STA 1+923.00,-0.960724,116.720365
STA 1+923.50,-0.960729,116.720365
STA 1+924.00,-0.960733,116.720364
STA 1+924.50,-0.960738,116.720364
STA 1+925.00,-0.960742,116.720364
STA 1+925.50,-0.960747,116.720363
STA 1+926.00,-0.960751,116.720363
STA 1+926.50,-0.960756,116.720363
STA 1+927.00,-0.96076,116.720363
STA 1+927.50,-0.960765,116.720363
STA 1+928.00,-0.960769,116.720362
STA 1+928.50,-0.960774,116.720362
STA 1+929.00,-0.960778,116.720362
STA 1+929.50,-0.960783,116.720362
STA 1+930.00,-0.960787,116.720362
STA 1+930.50,-0.960792,116.720361
STA 1+931.00,-0.960796,116.720361
STA 1+931.50,-0.960801,116.720361
STA 1+932.00,-0.960805,116.720361
STA 1+932.50,-0.96081,116.720361
STA 1+933.00,-0.960814,116.72036
STA 1+933.50,-0.960819,116.72036
STA 1+934.00,-0.960823,116.72036
STA 1+934.50,-0.960828,116.72036
STA 1+935.00,-0.960832,116.72036
STA 1+935.50,-0.960837,116.720359
STA 1+936.00,-0.960841,116.720359
STA 1+936.50,-0.960846,116.720359
STA 1+937.00,-0.96085,116.720359
STA 1+937.50,-0.960854,116.720358
STA 1+938.00,-0.960859,116.720358
STA 1+938.50,-0.960863,116.720358
STA 1+939.00,-0.960868,116.720357
STA 1+939.50,-0.960872,116.720357
STA 1+940.00,-0.960877,116.720357
STA 1+940.50,-0.960881,116.720357
STA 1+941.00,-0.960886,116.720356
STA 1+941.50,-0.96089,116.720356
STA 1+942.00,-0.960895,116.720356
STA 1+942.50,-0.960899,116.720356
STA 1+943.00,-0.960904,116.720356
STA 1+943.50,-0.960908,116.720356
STA 1+944.00,-0.960913,116.720355
STA 1+944.50,-0.960917,116.720355
STA 1+945.00,-0.960922,116.720355
STA 1+945.50,-0.960926,116.720355
STA 1+946.00,-0.960931,116.720355
STA 1+946.50,-0.960935,116.720355
STA 1+947.00,-0.96094,116.720355
STA 1+947.50,-0.960944,116.720355
STA 1+948.00,-0.960949,116.720356
STA 1+948.50,-0.960953,116.720356
STA 1+949.00,-0.960958,116.720356
STA 1+949.50,-0.960962,116.720356
STA 1+950.00,-0.960967,116.720356
STA 1+950.50,-0.960971,116.720357
STA 1+951.00,-0.960976,116.720357
STA 1+951.50,-0.96098,116.720357
STA 1+952.00,-0.960985,116.720358
STA 1+952.50,-0.960989,116.720359
STA 1+953.00,-0.960993,116.72036
STA 1+953.50,-0.960998,116.720361
STA 1+954.00,-0.961002,116.720362
STA 1+954.50,-0.961007,116.720363
STA 1+955.00,-0.961011,116.720364
STA 1+955.50,-0.961015,116.720365
STA 1+956.00,-0.96102,116.720366
STA 1+956.50,-0.961024,116.720367
STA 1+957.00,-0.961028,116.720368
STA 1+957.50,-0.961033,116.72037
STA 1+958.00,-0.961037,116.720371
STA 1+958.50,-0.961041,116.720372
STA 1+959.00,-0.961046,116.720373
STA 1+959.50,-0.96105,116.720374
STA 1+960.00,-0.961055,116.720375
STA 1+960.50,-0.961059,116.720376
STA 1+961.00,-0.961063,116.720377
STA 1+961.50,-0.961068,116.720379
STA 1+962.00,-0.961072,116.72038
STA 1+962.50,-0.961076,116.720382
STA 1+963.00,-0.96108,116.720384
STA 1+963.50,-0.961084,116.720385
STA 1+964.00,-0.961088,116.720387
STA 1+964.50,-0.961093,116.720389
STA 1+965.00,-0.961097,116.72039
STA 1+965.50,-0.961101,116.720392
STA 1+966.00,-0.961105,116.720394
STA 1+966.50,-0.961109,116.720396
STA 1+967.00,-0.961113,116.720397
STA 1+967.50,-0.961117,116.720399
STA 1+968.00,-0.961122,116.720401
STA 1+968.50,-0.961126,116.720403
STA 1+969.00,-0.96113,116.720405
STA 1+969.50,-0.961134,116.720406
STA 1+970.00,-0.961138,116.720408
STA 1+970.50,-0.961142,116.72041
STA 1+971.00,-0.961146,116.720412
STA 1+971.50,-0.96115,116.720414
STA 1+972.00,-0.961154,116.720416
STA 1+972.50,-0.961158,116.720418
STA 1+973.00,-0.961162,116.72042
STA 1+973.50,-0.961166,116.720423
STA 1+974.00,-0.96117,116.720425
STA 1+974.50,-0.961174,116.720427
STA 1+975.00,-0.961178,116.720429
STA 1+975.50,-0.961182,116.720431
STA 1+976.00,-0.961186,116.720434
STA 1+976.50,-0.961189,116.720436
STA 1+977.00,-0.961193,116.720439
STA 1+977.50,-0.961197,116.720441
STA 1+978.00,-0.9612,116.720444
STA 1+978.50,-0.961204,116.720447
STA 1+979.00,-0.961208,116.720449
STA 1+979.50,-0.961211,116.720452
STA 1+980.00,-0.961215,116.720454
STA 1+980.50,-0.961219,116.720457
STA 1+981.00,-0.961222,116.72046
STA 1+981.50,-0.961226,116.720462
STA 1+982.00,-0.961229,116.720465
STA 1+982.50,-0.961233,116.720468
STA 1+983.00,-0.961236,116.720471
STA 1+983.50,-0.96124,116.720474
STA 1+984.00,-0.961243,116.720477
STA 1+984.50,-0.961247,116.72048
STA 1+985.00,-0.96125,116.720483
STA 1+985.50,-0.961253,116.720485
STA 1+986.00,-0.961257,116.720488
STA 1+986.50,-0.96126,116.720491
STA 1+987.00,-0.961263,116.720495
STA 1+987.50,-0.961266,116.720498
STA 1+988.00,-0.961269,116.720501
STA 1+988.50,-0.961273,116.720504
STA 1+989.00,-0.961276,116.720508
STA 1+989.50,-0.961279,116.720511
STA 1+990.00,-0.961282,116.720514
STA 1+990.50,-0.961285,116.720518
STA 1+991.00,-0.961288,116.720521
STA 1+991.50,-0.961291,116.720524
STA 1+992.00,-0.961294,116.720528
STA 1+992.50,-0.961297,116.720531
STA 1+993.00,-0.9613,116.720534
STA 1+993.50,-0.961303,116.720538
STA 1+994.00,-0.961306,116.720541
STA 1+994.50,-0.961308,116.720545
STA 1+995.00,-0.961311,116.720548
STA 1+995.50,-0.961314,116.720552
STA 1+996.00,-0.961317,116.720555
STA 1+996.50,-0.96132,116.720559
STA 1+997.00,-0.961322,116.720562
STA 1+997.50,-0.961324,116.720566
STA 1+998.00,-0.961326,116.72057
STA 1+998.50,-0.961329,116.720574
STA 1+999.00,-0.961331,116.720578
STA 1+999.50,-0.961333,116.720582
STA 2+000.00,-0.961335,116.720586
STA 2+000.50,-0.961338,116.72059
STA 2+001.00,-0.96134,116.720594
STA 2+001.50,-0.961342,116.720598
STA 2+002.00,-0.961344,116.720602
STA 2+002.50,-0.961347,116.720605
STA 2+003.00,-0.961349,116.720609
STA 2+003.50,-0.961351,116.720613
STA 2+004.00,-0.961354,116.720617
STA 2+004.50,-0.961356,116.720621
STA 2+005.00,-0.961358,116.720625
STA 2+005.50,-0.961361,116.720628
STA 2+006.00,-0.961363,116.720632
STA 2+006.50,-0.961365,116.720636
STA 2+007.00,-0.961368,116.72064
STA 2+007.50,-0.96137,116.720644
STA 2+008.00,-0.961373,116.720648
STA 2+008.50,-0.961375,116.720651
STA 2+009.00,-0.961377,116.720655
STA 2+009.50,-0.96138,116.720659
STA 2+010.00,-0.961382,116.720663
STA 2+010.50,-0.961385,116.720667
STA 2+011.00,-0.961387,116.72067
STA 2+011.50,-0.961389,116.720674
STA 2+012.00,-0.961392,116.720678
STA 2+012.50,-0.961394,116.720682
STA 2+013.00,-0.961397,116.720685
STA 2+013.50,-0.961399,116.720689
STA 2+014.00,-0.961402,116.720693
STA 2+014.50,-0.961404,116.720697
STA 2+015.00,-0.961407,116.7207
STA 2+015.50,-0.961409,116.720704
STA 2+016.00,-0.961412,116.720708
STA 2+016.50,-0.961414,116.720712
STA 2+017.00,-0.961417,116.720715
STA 2+017.50,-0.961419,116.720719
STA 2+018.00,-0.961422,116.720723
STA 2+018.50,-0.961425,116.720726
STA 2+019.00,-0.961427,116.72073
STA 2+019.50,-0.96143,116.720734
STA 2+020.00,-0.961433,116.720737
STA 2+020.50,-0.961435,116.720741
STA 2+021.00,-0.961438,116.720744
STA 2+021.50,-0.961441,116.720748
STA 2+022.00,-0.961443,116.720752
STA 2+022.50,-0.961446,116.720755
STA 2+023.00,-0.961449,116.720759
STA 2+023.50,-0.961452,116.720762
STA 2+024.00,-0.961455,116.720766
STA 2+024.50,-0.961457,116.720769
STA 2+025.00,-0.96146,116.720773
STA 2+025.50,-0.961463,116.720776
STA 2+026.00,-0.961466,116.72078
STA 2+026.50,-0.961469,116.720783
STA 2+027.00,-0.961472,116.720786
STA 2+027.50,-0.961475,116.72079
STA 2+028.00,-0.961478,116.720793
STA 2+028.50,-0.961481,116.720796
STA 2+029.00,-0.961484,116.7208
STA 2+029.50,-0.961487,116.720803
STA 2+030.00,-0.96149,116.720806
STA 2+030.50,-0.961493,116.72081
STA 2+031.00,-0.961496,116.720813
STA 2+031.50,-0.961499,116.720816
STA 2+032.00,-0.961503,116.720819
STA 2+032.50,-0.961506,116.720822
STA 2+033.00,-0.961509,116.720825
STA 2+033.50,-0.961513,116.720828
STA 2+034.00,-0.961516,116.720831
STA 2+034.50,-0.96152,116.720834
STA 2+035.00,-0.961523,116.720837
STA 2+035.50,-0.961526,116.72084
STA 2+036.00,-0.96153,116.720843
STA 2+036.50,-0.961533,116.720846
STA 2+037.00,-0.961537,116.720848
STA 2+037.50,-0.961541,116.720851
STA 2+038.00,-0.961544,116.720853
STA 2+038.50,-0.961548,116.720856
STA 2+039.00,-0.961552,116.720858
STA 2+039.50,-0.961555,116.720861
STA 2+040.00,-0.961559,116.720864
STA 2+040.50,-0.961563,116.720866
STA 2+041.00,-0.961566,116.720869
STA 2+041.50,-0.96157,116.720871
STA 2+042.00,-0.961574,116.720874
STA 2+042.50,-0.961578,116.720876
STA 2+043.00,-0.961582,116.720878
STA 2+043.50,-0.961586,116.720881
STA 2+044.00,-0.961589,116.720883
STA 2+044.50,-0.961593,116.720885
STA 2+045.00,-0.961597,116.720888
STA 2+045.50,-0.961601,116.72089
STA 2+046.00,-0.961605,116.720892
STA 2+046.50,-0.961609,116.720894
STA 2+047.00,-0.961613,116.720896
STA 2+047.50,-0.961617,116.720898
STA 2+048.00,-0.961621,116.7209
STA 2+048.50,-0.961625,116.720902
STA 2+049.00,-0.961629,116.720904
STA 2+049.50,-0.961633,116.720906
STA 2+050.00,-0.961637,116.720908
STA 2+050.50,-0.961641,116.72091
STA 2+051.00,-0.961645,116.720912
STA 2+051.50,-0.961649,116.720914
STA 2+052.00,-0.961653,116.720915
STA 2+052.50,-0.961658,116.720917
STA 2+053.00,-0.961662,116.720919
STA 2+053.50,-0.961666,116.72092
STA 2+054.00,-0.96167,116.720922
STA 2+054.50,-0.961674,116.720924
STA 2+055.00,-0.961679,116.720925
STA 2+055.50,-0.961683,116.720927
STA 2+056.00,-0.961687,116.720929
STA 2+056.50,-0.961691,116.72093
STA 2+057.00,-0.961696,116.720931
STA 2+057.50,-0.9617,116.720932
STA 2+058.00,-0.961704,116.720933
STA 2+058.50,-0.961709,116.720934
STA 2+059.00,-0.961713,116.720935
STA 2+059.50,-0.961717,116.720936
STA 2+060.00,-0.961722,116.720937
STA 2+060.50,-0.961726,116.720939
STA 2+061.00,-0.96173,116.72094
STA 2+061.50,-0.961735,116.720941
STA 2+062.00,-0.961739,116.720942
STA 2+062.50,-0.961744,116.720943
STA 2+063.00,-0.961748,116.720944
STA 2+063.50,-0.961752,116.720945
STA 2+064.00,-0.961757,116.720946
STA 2+064.50,-0.961761,116.720947
STA 2+065.00,-0.961765,116.720948
STA 2+065.50,-0.96177,116.720949
STA 2+066.00,-0.961774,116.720951
STA 2+066.50,-0.961779,116.720951
STA 2+067.00,-0.961783,116.720952
STA 2+067.50,-0.961787,116.720953
STA 2+068.00,-0.961792,116.720954
STA 2+068.50,-0.961796,116.720955
STA 2+069.00,-0.961801,116.720955
STA 2+069.50,-0.961805,116.720956
STA 2+070.00,-0.961809,116.720957
STA 2+070.50,-0.961814,116.720958
STA 2+071.00,-0.961818,116.720959
STA 2+071.50,-0.961823,116.72096
STA 2+072.00,-0.961827,116.72096
STA 2+072.50,-0.961832,116.720961
STA 2+073.00,-0.961836,116.720962
STA 2+073.50,-0.96184,116.720963
STA 2+074.00,-0.961845,116.720964
STA 2+074.50,-0.961849,116.720964
STA 2+075.00,-0.961854,116.720965
STA 2+075.50,-0.961858,116.720966
STA 2+076.00,-0.961863,116.720967
STA 2+076.50,-0.961867,116.720968
STA 2+077.00,-0.961871,116.720969
STA 2+077.50,-0.961876,116.72097
STA 2+078.00,-0.96188,116.720971
STA 2+078.50,-0.961885,116.720972
STA 2+079.00,-0.961889,116.720973
STA 2+079.50,-0.961893,116.720974
STA 2+080.00,-0.961898,116.720975
STA 2+080.50,-0.961902,116.720976
STA 2+081.00,-0.961906,116.720977
STA 2+081.50,-0.961911,116.720978
STA 2+082.00,-0.961915,116.720978
STA 2+082.50,-0.96192,116.720979
STA 2+083.00,-0.961924,116.72098
STA 2+083.50,-0.961928,116.720981
STA 2+084.00,-0.961933,116.720982
STA 2+084.50,-0.961937,116.720983
STA 2+085.00,-0.961942,116.720984
STA 2+085.50,-0.961946,116.720985
STA 2+086.00,-0.96195,116.720986
STA 2+086.50,-0.961955,116.720987
STA 2+087.00,-0.961959,116.720988
STA 2+087.50,-0.961963,116.72099
STA 2+088.00,-0.961968,116.720991
STA 2+088.50,-0.961972,116.720992
STA 2+089.00,-0.961976,116.720994
STA 2+089.50,-0.96198,116.720995
STA 2+090.00,-0.961985,116.720997
STA 2+090.50,-0.961989,116.720998
STA 2+091.00,-0.961993,116.720999
STA 2+091.50,-0.961998,116.721001
STA 2+092.00,-0.962002,116.721002
STA 2+092.50,-0.962006,116.721004
STA 2+093.00,-0.96201,116.721005
STA 2+093.50,-0.962014,116.721007
STA 2+094.00,-0.962019,116.721008
STA 2+094.50,-0.962023,116.72101
STA 2+095.00,-0.962027,116.721011
STA 2+095.50,-0.962031,116.721013
STA 2+096.00,-0.962036,116.721015
STA 2+096.50,-0.96204,116.721016
STA 2+097.00,-0.962044,116.721018
STA 2+097.50,-0.962048,116.72102
STA 2+098.00,-0.962052,116.721022
STA 2+098.50,-0.962056,116.721024
STA 2+099.00,-0.96206,116.721026
STA 2+099.50,-0.962064,116.721028
STA 2+100.00,-0.962068,116.72103
STA 2+100.50,-0.962072,116.721032
STA 2+101.00,-0.962076,116.721034
STA 2+101.50,-0.96208,116.721037
STA 2+102.00,-0.962083,116.721039
STA 2+102.50,-0.962087,116.721042
STA 2+103.00,-0.962091,116.721045
STA 2+103.50,-0.962094,116.721047
STA 2+104.00,-0.962098,116.72105
STA 2+104.50,-0.962102,116.721052
STA 2+105.00,-0.962105,116.721055
STA 2+105.50,-0.962109,116.721058
STA 2+106.00,-0.962113,116.72106
STA 2+106.50,-0.962116,116.721063
STA 2+107.00,-0.96212,116.721065
STA 2+107.50,-0.962124,116.721068
STA 2+108.00,-0.962127,116.721071
STA 2+108.50,-0.962131,116.721073
STA 2+109.00,-0.962135,116.721076
STA 2+109.50,-0.962138,116.721079
STA 2+110.00,-0.962142,116.721081
STA 2+110.50,-0.962146,116.721084
STA 2+111.00,-0.962149,116.721086
STA 2+111.50,-0.962153,116.72109
STA 2+112.00,-0.962156,116.721093
STA 2+112.50,-0.962159,116.721096
STA 2+113.00,-0.962162,116.721099
STA 2+113.50,-0.962165,116.721102
STA 2+114.00,-0.962168,116.721105
STA 2+114.50,-0.962172,116.721109
STA 2+115.00,-0.962175,116.721112
STA 2+115.50,-0.962178,116.721115
STA 2+116.00,-0.962181,116.721118
STA 2+116.50,-0.962184,116.721121
STA 2+117.00,-0.962187,116.721125
STA 2+117.50,-0.962191,116.721128
STA 2+118.00,-0.962194,116.721131
STA 2+118.50,-0.962197,116.721134
STA 2+119.00,-0.9622,116.721138
STA 2+119.50,-0.962203,116.721141
STA 2+120.00,-0.962206,116.721144
STA 2+120.50,-0.962209,116.721147
STA 2+121.00,-0.962212,116.72115
STA 2+121.50,-0.962215,116.721154
STA 2+122.00,-0.962218,116.721157
STA 2+122.50,-0.962221,116.721161
STA 2+123.00,-0.962224,116.721164
STA 2+123.50,-0.962227,116.721168
STA 2+124.00,-0.96223,116.721171
STA 2+124.50,-0.962233,116.721175
STA 2+125.00,-0.962235,116.721178
STA 2+125.50,-0.962238,116.721182
STA 2+126.00,-0.962241,116.721185
STA 2+126.50,-0.962244,116.721189
STA 2+127.00,-0.962247,116.721192
STA 2+127.50,-0.96225,116.721196
STA 2+128.00,-0.962252,116.721199
STA 2+128.50,-0.962255,116.721203
STA 2+129.00,-0.962258,116.721206
STA 2+129.50,-0.962261,116.72121
STA 2+130.00,-0.962264,116.721213
STA 2+130.50,-0.962267,116.721217
STA 2+131.00,-0.962269,116.72122
STA 2+131.50,-0.962272,116.721224
STA 2+132.00,-0.962275,116.721227
STA 2+132.50,-0.962278,116.721231
STA 2+133.00,-0.962281,116.721234
STA 2+133.50,-0.962283,116.721238
STA 2+134.00,-0.962286,116.721241
STA 2+134.50,-0.962289,116.721245
STA 2+135.00,-0.962292,116.721248
STA 2+135.50,-0.962295,116.721252
STA 2+136.00,-0.962297,116.721255
STA 2+136.50,-0.9623,116.721259
STA 2+137.00,-0.962303,116.721262
STA 2+137.50,-0.962306,116.721266
STA 2+138.00,-0.962309,116.721269
STA 2+138.50,-0.962312,116.721273
STA 2+139.00,-0.962315,116.721276
STA 2+139.50,-0.962317,116.72128
STA 2+140.00,-0.96232,116.721283
STA 2+140.50,-0.962323,116.721286
STA 2+141.00,-0.962326,116.72129
STA 2+141.50,-0.962329,116.721293
STA 2+142.00,-0.962332,116.721297
STA 2+142.50,-0.962335,116.7213
STA 2+143.00,-0.962338,116.721304
STA 2+143.50,-0.96234,116.721307
STA 2+144.00,-0.962343,116.721311
STA 2+144.50,-0.962346,116.721314
STA 2+145.00,-0.962349,116.721318
STA 2+145.50,-0.962352,116.721321
STA 2+146.00,-0.962355,116.721325
STA 2+146.50,-0.962358,116.721328
STA 2+147.00,-0.962361,116.721331
STA 2+147.50,-0.962364,116.721335
STA 2+148.00,-0.962367,116.721338
STA 2+148.50,-0.96237,116.721341
STA 2+149.00,-0.962373,116.721345
STA 2+149.50,-0.962375,116.721348
STA 2+150.00,-0.962378,116.721352
STA 2+150.50,-0.962381,116.721355
STA 2+151.00,-0.962384,116.721358
STA 2+151.50,-0.962387,116.721362
STA 2+152.00,-0.96239,116.721365
STA 2+152.50,-0.962393,116.721368
STA 2+153.00,-0.962397,116.721372
STA 2+153.50,-0.9624,116.721375
STA 2+154.00,-0.962403,116.721378
STA 2+154.50,-0.962406,116.721382
STA 2+155.00,-0.962409,116.721385
STA 2+155.50,-0.962412,116.721388
STA 2+156.00,-0.962415,116.721392
STA 2+156.50,-0.962418,116.721395
STA 2+157.00,-0.962421,116.721398
STA 2+157.50,-0.962424,116.721402
STA 2+158.00,-0.962427,116.721405
STA 2+158.50,-0.96243,116.721408
STA 2+159.00,-0.962433,116.721412
STA 2+159.50,-0.962436,116.721415
STA 2+160.00,-0.962439,116.721418
STA 2+160.50,-0.962442,116.721422
STA 2+161.00,-0.962445,116.721425
STA 2+161.50,-0.962448,116.721428
STA 2+162.00,-0.962451,116.721431
STA 2+162.50,-0.962454,116.721435
STA 2+163.00,-0.962457,116.721438
STA 2+163.50,-0.96246,116.721441
STA 2+164.00,-0.962463,116.721445
STA 2+164.50,-0.962466,116.721448
STA 2+165.00,-0.96247,116.721451
STA 2+165.50,-0.962473,116.721454
STA 2+166.00,-0.962476,116.721458
STA 2+166.50,-0.962479,116.721461
STA 2+167.00,-0.962482,116.721464
STA 2+167.50,-0.962485,116.721468
STA 2+168.00,-0.962488,116.721471
STA 2+168.50,-0.962491,116.721474
STA 2+169.00,-0.962494,116.721477
STA 2+169.50,-0.962497,116.721481
STA 2+170.00,-0.9625,116.721484
STA 2+170.50,-0.962503,116.721487
STA 2+171.00,-0.962506,116.72149
STA 2+171.50,-0.96251,116.721494
STA 2+172.00,-0.962513,116.721497
STA 2+172.50,-0.962516,116.7215
STA 2+173.00,-0.962519,116.721504
STA 2+173.50,-0.962522,116.721507
STA 2+174.00,-0.962525,116.72151
STA 2+174.50,-0.962528,116.721513
STA 2+175.00,-0.962531,116.721517
STA 2+175.50,-0.962534,116.72152
STA 2+176.00,-0.962537,116.721523
STA 2+176.50,-0.96254,116.721526
STA 2+177.00,-0.962544,116.72153
STA 2+177.50,-0.962547,116.721533
STA 2+178.00,-0.96255,116.721536
STA 2+178.50,-0.962553,116.721539
STA 2+179.00,-0.962556,116.721543
STA 2+179.50,-0.962559,116.721546
STA 2+180.00,-0.962562,116.721549
STA 2+180.50,-0.962565,116.721552
STA 2+181.00,-0.962569,116.721556
STA 2+181.50,-0.962572,116.721559
STA 2+182.00,-0.962575,116.721562
STA 2+182.50,-0.962578,116.721565
STA 2+183.00,-0.962581,116.721569
STA 2+183.50,-0.962584,116.721572
STA 2+184.00,-0.962587,116.721575
STA 2+184.50,-0.96259,116.721578
STA 2+185.00,-0.962593,116.721582
STA 2+185.50,-0.962596,116.721585
STA 2+186.00,-0.962599,116.721588
STA 2+186.50,-0.962602,116.721592
STA 2+187.00,-0.962605,116.721595
STA 2+187.50,-0.962608,116.721598
STA 2+188.00,-0.962611,116.721602
STA 2+188.50,-0.962614,116.721605
STA 2+189.00,-0.962618,116.721608
STA 2+189.50,-0.962621,116.721612
STA 2+190.00,-0.962624,116.721615
STA 2+190.50,-0.962627,116.721618
STA 2+191.00,-0.96263,116.721622
STA 2+191.50,-0.962633,116.721625
STA 2+192.00,-0.962636,116.721628
STA 2+192.50,-0.962639,116.721632
STA 2+193.00,-0.962642,116.721635
STA 2+193.50,-0.962645,116.721638
STA 2+194.00,-0.962648,116.721642
STA 2+194.50,-0.962651,116.721645
STA 2+195.00,-0.962654,116.721648
STA 2+195.50,-0.962657,116.721651
STA 2+196.00,-0.96266,116.721655
STA 2+196.50,-0.962663,116.721658
STA 2+197.00,-0.962666,116.721661
STA 2+197.50,-0.962669,116.721665
STA 2+198.00,-0.962672,116.721668
STA 2+198.50,-0.962675,116.721671
STA 2+199.00,-0.962678,116.721675
STA 2+199.50,-0.962681,116.721678
STA 2+200.00,-0.962684,116.721681
STA 2+200.50,-0.962687,116.721685
STA 2+201.00,-0.96269,116.721688
STA 2+201.50,-0.962693,116.721691
STA 2+202.00,-0.962696,116.721695
STA 2+202.50,-0.962699,116.721698
STA 2+203.00,-0.962702,116.721701
STA 2+203.50,-0.962706,116.721704
STA 2+204.00,-0.962709,116.721708
STA 2+204.50,-0.962712,116.721711
STA 2+205.00,-0.962715,116.721714
STA 2+205.50,-0.962718,116.721718
STA 2+206.00,-0.962721,116.721721
STA 2+206.50,-0.962724,116.721724
STA 2+207.00,-0.962727,116.721728
STA 2+207.50,-0.96273,116.721731
STA 2+208.00,-0.962733,116.721734
STA 2+208.50,-0.962736,116.721737
STA 2+209.00,-0.962739,116.721741
STA 2+209.50,-0.962742,116.721744
STA 2+210.00,-0.962745,116.721747
STA 2+210.50,-0.962748,116.721751
STA 2+211.00,-0.962751,116.721754
STA 2+211.50,-0.962754,116.721757
STA 2+212.00,-0.962757,116.721761
STA 2+212.50,-0.96276,116.721764
STA 2+213.00,-0.962763,116.721767
STA 2+213.50,-0.962766,116.721771
STA 2+214.00,-0.962769,116.721774
STA 2+214.50,-0.962772,116.721777
STA 2+215.00,-0.962775,116.721781
STA 2+215.50,-0.962778,116.721784
STA 2+216.00,-0.962781,116.721787
STA 2+216.50,-0.962784,116.721791
STA 2+217.00,-0.962787,116.721794
STA 2+217.50,-0.96279,116.721798
STA 2+218.00,-0.962793,116.721801
STA 2+218.50,-0.962796,116.721804
STA 2+219.00,-0.962799,116.721808
STA 2+219.50,-0.962802,116.721811
STA 2+220.00,-0.962805,116.721814
STA 2+220.50,-0.962808,116.721818
STA 2+221.00,-0.962811,116.721821
STA 2+221.50,-0.962814,116.721824
STA 2+222.00,-0.962817,116.721828
STA 2+222.50,-0.96282,116.721831
STA 2+223.00,-0.962823,116.721835
STA 2+223.50,-0.962826,116.721838
STA 2+224.00,-0.962829,116.721841
STA 2+224.50,-0.962832,116.721845
STA 2+225.00,-0.962835,116.721848
STA 2+225.50,-0.962838,116.721851
STA 2+226.00,-0.962841,116.721855
STA 2+226.50,-0.962844,116.721858
STA 2+227.00,-0.962847,116.721862
STA 2+227.50,-0.96285,116.721865
STA 2+228.00,-0.962853,116.721868
STA 2+228.50,-0.962856,116.721872
STA 2+229.00,-0.962859,116.721875
STA 2+229.50,-0.962862,116.721878
STA 2+230.00,-0.962865,116.721882
STA 2+230.50,-0.962868,116.721885
STA 2+231.00,-0.962871,116.721889
STA 2+231.50,-0.962874,116.721892
STA 2+232.00,-0.962877,116.721895
STA 2+232.50,-0.96288,116.721899
STA 2+233.00,-0.962883,116.721902
STA 2+233.50,-0.962886,116.721905
STA 2+234.00,-0.962889,116.721909
STA 2+234.50,-0.962891,116.721912
STA 2+235.00,-0.962894,116.721916
STA 2+235.50,-0.962897,116.721919
STA 2+236.00,-0.9629,116.721922
STA 2+236.50,-0.962903,116.721926
STA 2+237.00,-0.962907,116.721929
STA 2+237.50,-0.96291,116.721932
STA 2+238.00,-0.962913,116.721935
STA 2+238.50,-0.962916,116.721939
STA 2+239.00,-0.962919,116.721942
STA 2+239.50,-0.962922,116.721945
STA 2+240.00,-0.962925,116.721949
STA 2+240.50,-0.962928,116.721952
STA 2+241.00,-0.962931,116.721955
STA 2+241.50,-0.962934,116.721958
STA 2+242.00,-0.962937,116.721962
STA 2+242.50,-0.96294,116.721965
STA 2+243.00,-0.962943,116.721968
STA 2+243.50,-0.962946,116.721972
STA 2+244.00,-0.962949,116.721975
STA 2+244.50,-0.962952,116.721978
STA 2+245.00,-0.962955,116.721982
STA 2+245.50,-0.962958,116.721985
STA 2+246.00,-0.962961,116.721988
STA 2+246.50,-0.962965,116.721992
STA 2+247.00,-0.962968,116.721995
STA 2+247.50,-0.962971,116.721998
STA 2+248.00,-0.962974,116.722002
STA 2+248.50,-0.962977,116.722005
STA 2+249.00,-0.96298,116.722008
STA 2+249.50,-0.962983,116.722011
STA 2+250.00,-0.962986,116.722015
STA 2+250.50,-0.962989,116.722018
STA 2+251.00,-0.962992,116.722021
STA 2+251.50,-0.962995,116.722024
STA 2+252.00,-0.962998,116.722028
STA 2+252.50,-0.963001,116.722031
STA 2+253.00,-0.963004,116.722034
STA 2+253.50,-0.963007,116.722038
STA 2+254.00,-0.96301,116.722041
STA 2+254.50,-0.963013,116.722044
STA 2+255.00,-0.963016,116.722048
STA 2+255.50,-0.963019,116.722051
STA 2+256.00,-0.963022,116.722054
STA 2+256.50,-0.963026,116.722058
STA 2+257.00,-0.963029,116.722061
STA 2+257.50,-0.963032,116.722064
STA 2+258.00,-0.963035,116.722068
STA 2+258.50,-0.963038,116.722071
STA 2+259.00,-0.963041,116.722074
STA 2+259.50,-0.963044,116.722077
STA 2+260.00,-0.963047,116.722081
STA 2+260.50,-0.96305,116.722084
STA 2+261.00,-0.963053,116.722087
STA 2+261.50,-0.963056,116.722091
STA 2+262.00,-0.963059,116.722094
STA 2+262.50,-0.963062,116.722097
STA 2+263.00,-0.963065,116.722101
STA 2+263.50,-0.963068,116.722104
STA 2+264.00,-0.963071,116.722108
STA 2+264.50,-0.963074,116.722111
STA 2+265.00,-0.963077,116.722115
STA 2+265.50,-0.96308,116.722118
STA 2+266.00,-0.963082,116.722121
STA 2+266.50,-0.963085,116.722125
STA 2+267.00,-0.963088,116.722128
STA 2+267.50,-0.963091,116.722132
STA 2+268.00,-0.963094,116.722135
STA 2+268.50,-0.963097,116.722138
STA 2+269.00,-0.9631,116.722142
STA 2+269.50,-0.963103,116.722145
STA 2+270.00,-0.963106,116.722148
STA 2+270.50,-0.963109,116.722152
STA 2+271.00,-0.963112,116.722155
STA 2+271.50,-0.963115,116.722158
STA 2+272.00,-0.963118,116.722162
STA 2+272.50,-0.963122,116.722165
STA 2+273.00,-0.963125,116.722168
STA 2+273.50,-0.963128,116.722171
STA 2+274.00,-0.963131,116.722175
STA 2+274.50,-0.963134,116.722178
STA 2+275.00,-0.963137,116.722181
STA 2+275.50,-0.96314,116.722184
STA 2+276.00,-0.963143,116.722187
STA 2+276.50,-0.963147,116.722191
STA 2+277.00,-0.96315,116.722194
STA 2+277.50,-0.963153,116.722197
STA 2+278.00,-0.963156,116.722201
STA 2+278.50,-0.963159,116.722204
STA 2+279.00,-0.963162,116.722207
STA 2+279.50,-0.963165,116.72221
STA 2+280.00,-0.963168,116.722214
STA 2+280.50,-0.963171,116.722217
STA 2+281.00,-0.963174,116.72222
STA 2+281.50,-0.963177,116.722224
STA 2+282.00,-0.96318,116.722227
STA 2+282.50,-0.963183,116.72223
STA 2+283.00,-0.963186,116.722234
STA 2+283.50,-0.963189,116.722237
STA 2+284.00,-0.963192,116.72224
STA 2+284.50,-0.963195,116.722244
STA 2+285.00,-0.963198,116.722247
STA 2+285.50,-0.963202,116.72225
STA 2+286.00,-0.963205,116.722253
STA 2+286.50,-0.963208,116.722257
STA 2+287.00,-0.963211,116.72226
STA 2+287.50,-0.963214,116.722263
STA 2+288.00,-0.963217,116.722267
STA 2+288.50,-0.96322,116.72227
STA 2+289.00,-0.963223,116.722273
STA 2+289.50,-0.963226,116.722276
STA 2+290.00,-0.963229,116.72228
STA 2+290.50,-0.963232,116.722283
STA 2+291.00,-0.963235,116.722286
STA 2+291.50,-0.963238,116.72229
STA 2+292.00,-0.963241,116.722293
STA 2+292.50,-0.963244,116.722296
STA 2+293.00,-0.963247,116.7223
STA 2+293.50,-0.96325,116.722303
STA 2+294.00,-0.963253,116.722306
STA 2+294.50,-0.963256,116.72231
STA 2+295.00,-0.963259,116.722313
STA 2+295.50,-0.963262,116.722317
STA 2+296.00,-0.963265,116.72232
STA 2+296.50,-0.963268,116.722323
STA 2+297.00,-0.963271,116.722327
STA 2+297.50,-0.963274,116.72233
STA 2+298.00,-0.963276,116.722334
STA 2+298.50,-0.963279,116.722337
STA 2+299.00,-0.963282,116.722341
STA 2+299.50,-0.963285,116.722345
STA 2+300.00,-0.963288,116.722348
STA 2+300.50,-0.96329,116.722352
STA 2+301.00,-0.963293,116.722355
STA 2+301.50,-0.963296,116.722358
STA 2+302.00,-0.963299,116.722362
STA 2+302.50,-0.963302,116.722365
STA 2+303.00,-0.963305,116.722369
STA 2+303.50,-0.963308,116.722372
STA 2+304.00,-0.963311,116.722376
STA 2+304.50,-0.963314,116.722379
STA 2+305.00,-0.963317,116.722382
STA 2+305.50,-0.963319,116.722386
STA 2+306.00,-0.963322,116.722389
STA 2+306.50,-0.963325,116.722393
STA 2+307.00,-0.963328,116.722396
STA 2+307.50,-0.963331,116.7224
STA 2+308.00,-0.963334,116.722403
STA 2+308.50,-0.963336,116.722407
STA 2+309.00,-0.963339,116.72241
STA 2+309.50,-0.963342,116.722414
STA 2+310.00,-0.963345,116.722417
STA 2+310.50,-0.963348,116.722421
STA 2+311.00,-0.963351,116.722424
STA 2+311.50,-0.963353,116.722428
STA 2+312.00,-0.963356,116.722431
STA 2+312.50,-0.963359,116.722435
STA 2+313.00,-0.963362,116.722438
STA 2+313.50,-0.963365,116.722442
STA 2+314.00,-0.963368,116.722445
STA 2+314.50,-0.963371,116.722449
STA 2+315.00,-0.963373,116.722452
STA 2+315.50,-0.963376,116.722456
STA 2+316.00,-0.963379,116.722459
STA 2+316.50,-0.963382,116.722462
STA 2+317.00,-0.963385,116.722466
STA 2+317.50,-0.963388,116.722469
STA 2+318.00,-0.963391,116.722473
STA 2+318.50,-0.963394,116.722476
STA 2+319.00,-0.963397,116.72248
STA 2+319.50,-0.9634,116.722483
STA 2+320.00,-0.963403,116.722486
STA 2+320.50,-0.963405,116.72249
STA 2+321.00,-0.963408,116.722493
STA 2+321.50,-0.963411,116.722497
STA 2+322.00,-0.963414,116.7225
STA 2+322.50,-0.963417,116.722504
STA 2+323.00,-0.96342,116.722507
STA 2+323.50,-0.963423,116.722511
STA 2+324.00,-0.963426,116.722514
STA 2+324.50,-0.963428,116.722517
STA 2+325.00,-0.963431,116.722521
STA 2+325.50,-0.963434,116.722524
STA 2+326.00,-0.963437,116.722528
STA 2+326.50,-0.96344,116.722531
STA 2+327.00,-0.963443,116.722535
STA 2+327.50,-0.963446,116.722538
STA 2+328.00,-0.963449,116.722542
STA 2+328.50,-0.963452,116.722545
STA 2+329.00,-0.963455,116.722548
STA 2+329.50,-0.963457,116.722552
STA 2+330.00,-0.96346,116.722555
STA 2+330.50,-0.963463,116.722559
STA 2+331.00,-0.963466,116.722562
STA 2+331.50,-0.963469,116.722566
STA 2+332.00,-0.963472,116.722569
STA 2+332.50,-0.963475,116.722572
STA 2+333.00,-0.963478,116.722576
STA 2+333.50,-0.963481,116.722579
STA 2+334.00,-0.963484,116.722583
STA 2+334.50,-0.963487,116.722586
STA 2+335.00,-0.96349,116.722589
STA 2+335.50,-0.963492,116.722593
STA 2+336.00,-0.963495,116.722596
STA 2+336.50,-0.963498,116.7226
STA 2+337.00,-0.963501,116.722603
STA 2+337.50,-0.963504,116.722606
STA 2+338.00,-0.963507,116.72261
STA 2+338.50,-0.96351,116.722613
STA 2+339.00,-0.963513,116.722617
STA 2+339.50,-0.963516,116.72262
STA 2+340.00,-0.963519,116.722623
STA 2+340.50,-0.963522,116.722627
STA 2+341.00,-0.963525,116.72263
STA 2+341.50,-0.963528,116.722633
STA 2+342.00,-0.963531,116.722637
STA 2+342.50,-0.963534,116.72264
STA 2+343.00,-0.963537,116.722644
STA 2+343.50,-0.96354,116.722647
STA 2+344.00,-0.963543,116.722651
STA 2+344.50,-0.963546,116.722654
STA 2+345.00,-0.963549,116.722657
STA 2+345.50,-0.963551,116.722661
STA 2+346.00,-0.963554,116.722664
STA 2+346.50,-0.963557,116.722668
STA 2+347.00,-0.96356,116.722671
STA 2+347.50,-0.963563,116.722674
STA 2+348.00,-0.963566,116.722678
STA 2+348.50,-0.963569,116.722681
STA 2+349.00,-0.963572,116.722684
STA 2+349.50,-0.963576,116.722688
STA 2+350.00,-0.963579,116.722691
STA 2+350.50,-0.963582,116.722694
STA 2+351.00,-0.963585,116.722698
STA 2+351.50,-0.963588,116.722701
STA 2+352.00,-0.963591,116.722704
STA 2+352.50,-0.963594,116.722708
STA 2+353.00,-0.963597,116.722711
STA 2+353.50,-0.9636,116.722714
STA 2+354.00,-0.963603,116.722717
STA 2+354.50,-0.963606,116.722721
STA 2+355.00,-0.963609,116.722724
STA 2+355.50,-0.963612,116.722727
STA 2+356.00,-0.963615,116.722731
STA 2+356.50,-0.963618,116.722734
STA 2+357.00,-0.963621,116.722737
STA 2+357.50,-0.963624,116.722741
STA 2+358.00,-0.963627,116.722744
STA 2+358.50,-0.96363,116.722747
STA 2+359.00,-0.963633,116.722751
STA 2+359.50,-0.963636,116.722754
STA 2+360.00,-0.963639,116.722757
STA 2+360.50,-0.963642,116.722761
STA 2+361.00,-0.963645,116.722764
STA 2+361.50,-0.963648,116.722767
STA 2+362.00,-0.963651,116.722771
STA 2+362.50,-0.963654,116.722774
STA 2+363.00,-0.963658,116.722777
STA 2+363.50,-0.963661,116.72278
STA 2+364.00,-0.963664,116.722783
STA 2+364.50,-0.963667,116.722787
STA 2+365.00,-0.96367,116.72279
STA 2+365.50,-0.963673,116.722793
STA 2+366.00,-0.963676,116.722796
STA 2+366.50,-0.963679,116.7228
STA 2+367.00,-0.963683,116.722803
STA 2+367.50,-0.963686,116.722806
STA 2+368.00,-0.963689,116.722809
STA 2+368.50,-0.963692,116.722813
STA 2+369.00,-0.963695,116.722816
STA 2+369.50,-0.963698,116.722819
STA 2+370.00,-0.963701,116.722823
STA 2+370.50,-0.963704,116.722826
STA 2+371.00,-0.963707,116.722829
STA 2+371.50,-0.96371,116.722832
STA 2+372.00,-0.963713,116.722836
STA 2+372.50,-0.963716,116.722839
STA 2+373.00,-0.963719,116.722842
STA 2+373.50,-0.963722,116.722846
STA 2+374.00,-0.963725,116.722849
STA 2+374.50,-0.963728,116.722852
STA 2+375.00,-0.963731,116.722856
STA 2+375.50,-0.963734,116.722859
STA 2+376.00,-0.963737,116.722862
STA 2+376.50,-0.96374,116.722866
STA 2+377.00,-0.963743,116.722869
STA 2+377.50,-0.963746,116.722873
STA 2+378.00,-0.963749,116.722876
STA 2+378.50,-0.963752,116.72288
STA 2+379.00,-0.963755,116.722883
STA 2+379.50,-0.963758,116.722887
STA 2+380.00,-0.96376,116.72289
STA 2+380.50,-0.963763,116.722894
STA 2+381.00,-0.963766,116.722897
STA 2+381.50,-0.963769,116.7229
STA 2+382.00,-0.963772,116.722904
STA 2+382.50,-0.963775,116.722907
STA 2+383.00,-0.963778,116.722911
STA 2+383.50,-0.963781,116.722914
STA 2+384.00,-0.963784,116.722918
STA 2+384.50,-0.963787,116.722921
STA 2+385.00,-0.96379,116.722924
STA 2+385.50,-0.963792,116.722928
STA 2+386.00,-0.963795,116.722931
STA 2+386.50,-0.963798,116.722935
STA 2+387.00,-0.963801,116.722938
STA 2+387.50,-0.963804,116.722941
STA 2+388.00,-0.963807,116.722945
STA 2+388.50,-0.96381,116.722948
STA 2+389.00,-0.963813,116.722952
STA 2+389.50,-0.963816,116.722955
STA 2+390.00,-0.963819,116.722959
STA 2+390.50,-0.963822,116.722962
STA 2+391.00,-0.963825,116.722965
STA 2+391.50,-0.963827,116.722969
STA 2+392.00,-0.96383,116.722972
STA 2+392.50,-0.963833,116.722976
STA 2+393.00,-0.963836,116.722979
STA 2+393.50,-0.963839,116.722983
STA 2+394.00,-0.963842,116.722986
STA 2+394.50,-0.963845,116.72299
STA 2+395.00,-0.963847,116.722993
STA 2+395.50,-0.96385,116.722997
STA 2+396.00,-0.963853,116.723
STA 2+396.50,-0.963856,116.723003
STA 2+397.00,-0.963859,116.723007
STA 2+397.50,-0.963862,116.72301
STA 2+398.00,-0.963865,116.723014
STA 2+398.50,-0.963868,116.723017
STA 2+399.00,-0.963871,116.723021
STA 2+399.50,-0.963874,116.723024
STA 2+400.00,-0.963877,116.723027
STA 2+400.50,-0.963879,116.723031
STA 2+401.00,-0.963882,116.723034
STA 2+401.50,-0.963885,116.723038
STA 2+402.00,-0.963888,116.723041
STA 2+402.50,-0.963891,116.723045
STA 2+403.00,-0.963894,116.723048
STA 2+403.50,-0.963896,116.723052
STA 2+404.00,-0.963899,116.723055
STA 2+404.50,-0.963902,116.723059
STA 2+405.00,-0.963905,116.723062
STA 2+405.50,-0.963908,116.723066
STA 2+406.00,-0.963911,116.723069
STA 2+406.50,-0.963913,116.723073
STA 2+407.00,-0.963916,116.723076
STA 2+407.50,-0.963919,116.72308
STA 2+408.00,-0.963922,116.723083
STA 2+408.50,-0.963925,116.723087
STA 2+409.00,-0.963928,116.72309
STA 2+409.50,-0.963931,116.723094
STA 2+410.00,-0.963933,116.723097
STA 2+410.50,-0.963936,116.723101
STA 2+411.00,-0.963939,116.723104
STA 2+411.50,-0.963942,116.723107
STA 2+412.00,-0.963945,116.723111
STA 2+412.50,-0.963948,116.723114
STA 2+413.00,-0.963951,116.723118
STA 2+413.50,-0.963954,116.723121
STA 2+414.00,-0.963957,116.723125
STA 2+414.50,-0.96396,116.723128
STA 2+415.00,-0.963963,116.723131
STA 2+415.50,-0.963965,116.723135
STA 2+416.00,-0.963968,116.723138
STA 2+416.50,-0.963971,116.723142
STA 2+417.00,-0.963974,116.723145
STA 2+417.50,-0.963977,116.723148
STA 2+418.00,-0.96398,116.723152
STA 2+418.50,-0.963983,116.723155
STA 2+419.00,-0.963986,116.723158
STA 2+419.50,-0.96399,116.723162
STA 2+420.00,-0.963993,116.723165
STA 2+420.50,-0.963996,116.723168
STA 2+421.00,-0.963999,116.723172
STA 2+421.50,-0.964002,116.723175
STA 2+422.00,-0.964005,116.723178
STA 2+422.50,-0.964008,116.723182
STA 2+423.00,-0.964011,116.723185
STA 2+423.50,-0.964014,116.723188
STA 2+424.00,-0.964017,116.723191
STA 2+424.50,-0.96402,116.723195
STA 2+425.00,-0.964023,116.723198
STA 2+425.50,-0.964026,116.723201
STA 2+426.00,-0.964029,116.723205
STA 2+426.50,-0.964032,116.723208
STA 2+427.00,-0.964035,116.723211
STA 2+427.50,-0.964038,116.723214
STA 2+428.00,-0.964041,116.723218
STA 2+428.50,-0.964044,116.723221
STA 2+429.00,-0.964048,116.723224
STA 2+429.50,-0.964051,116.723227
STA 2+430.00,-0.964054,116.723231
STA 2+430.50,-0.964057,116.723234
STA 2+431.00,-0.96406,116.723237
STA 2+431.50,-0.964063,116.72324
STA 2+432.00,-0.964066,116.723244
STA 2+432.50,-0.964069,116.723247
STA 2+433.00,-0.964072,116.72325
STA 2+433.50,-0.964076,116.723253
STA 2+434.00,-0.964079,116.723257
STA 2+434.50,-0.964082,116.72326
STA 2+435.00,-0.964085,116.723263
STA 2+435.50,-0.964088,116.723267
STA 2+436.00,-0.964091,116.72327
STA 2+436.50,-0.964094,116.723273
STA 2+437.00,-0.964097,116.723277
STA 2+437.50,-0.9641,116.72328
STA 2+438.00,-0.964103,116.723284
STA 2+438.50,-0.964106,116.723287
STA 2+439.00,-0.964109,116.72329
STA 2+439.50,-0.964111,116.723294
STA 2+440.00,-0.964114,116.723297
STA 2+440.50,-0.964117,116.723301
STA 2+441.00,-0.96412,116.723304
STA 2+441.50,-0.964123,116.723307
STA 2+442.00,-0.964126,116.723311
STA 2+442.50,-0.964129,116.723314
STA 2+443.00,-0.964132,116.723318
STA 2+443.50,-0.964135,116.723321
STA 2+444.00,-0.964138,116.723325
STA 2+444.50,-0.964141,116.723328
STA 2+445.00,-0.964144,116.723331
STA 2+445.50,-0.964146,116.723335
STA 2+446.00,-0.964149,116.723338
STA 2+446.50,-0.964152,116.723342
STA 2+447.00,-0.964155,116.723345
STA 2+447.50,-0.964158,116.723348
STA 2+448.00,-0.964161,116.723352
STA 2+448.50,-0.964164,116.723355
STA 2+449.00,-0.964167,116.723358
STA 2+449.50,-0.964171,116.723362
STA 2+450.00,-0.964174,116.723365
STA 2+450.50,-0.964177,116.723368
STA 2+451.00,-0.96418,116.723372
STA 2+451.50,-0.964183,116.723375
STA 2+452.00,-0.964186,116.723378
STA 2+452.50,-0.964189,116.723382
STA 2+453.00,-0.964191,116.723385
STA 2+453.50,-0.964194,116.723388
STA 2+454.00,-0.964197,116.723392
STA 2+454.50,-0.9642,116.723395
STA 2+455.00,-0.964203,116.723399
STA 2+455.50,-0.964206,116.723402
STA 2+456.00,-0.964209,116.723405
STA 2+456.50,-0.964212,116.723408
STA 2+457.00,-0.964216,116.723412
STA 2+457.50,-0.964219,116.723415
STA 2+458.00,-0.964222,116.723418
STA 2+458.50,-0.964225,116.723421
STA 2+459.00,-0.964228,116.723424
STA 2+459.50,-0.964232,116.723428
STA 2+460.00,-0.964235,116.723431
STA 2+460.50,-0.964238,116.723434
STA 2+461.00,-0.964241,116.723437
STA 2+461.50,-0.964244,116.72344
STA 2+462.00,-0.964247,116.723444
STA 2+462.50,-0.96425,116.723447
STA 2+463.00,-0.964253,116.723451
STA 2+463.50,-0.964256,116.723454
STA 2+464.00,-0.964259,116.723458
STA 2+464.50,-0.964262,116.723461
STA 2+465.00,-0.964265,116.723464
STA 2+465.50,-0.964267,116.723468
STA 2+466.00,-0.96427,116.723471
STA 2+466.50,-0.964273,116.723475
STA 2+467.00,-0.964276,116.723478
STA 2+467.50,-0.964278,116.723482
STA 2+468.00,-0.964281,116.723486
STA 2+468.50,-0.964284,116.723489
STA 2+469.00,-0.964287,116.723493
STA 2+469.50,-0.964289,116.723496
STA 2+470.00,-0.964292,116.7235
STA 2+470.50,-0.964295,116.723504
STA 2+471.00,-0.964297,116.723507
STA 2+471.50,-0.9643,116.723511
STA 2+472.00,-0.964302,116.723515
STA 2+472.50,-0.964305,116.723519
STA 2+473.00,-0.964307,116.723522
STA 2+473.50,-0.964309,116.723526
STA 2+474.00,-0.964312,116.72353
STA 2+474.50,-0.964314,116.723534
STA 2+475.00,-0.964317,116.723538
STA 2+475.50,-0.964319,116.723541
STA 2+476.00,-0.964321,116.723545
STA 2+476.50,-0.964323,116.723549
STA 2+477.00,-0.964325,116.723553
STA 2+477.50,-0.964327,116.723557
STA 2+478.00,-0.964329,116.723561
STA 2+478.20 (END),-0.96433,116.723563
